ID,DOT,Question,Answer1,Answer2,Answer3,Answer4,CorrectAnswer,Category,Subcategory,Explanation,MustInclude,Difficulty
1,3-501.16,¿Cuál es la temperatura interna mínima para mantener en caliente los alimentos TCS?,125°F,130°F,140°F,135°F,4,Time & Temperature,Hot Holding,Los alimentos TCS deben mantenerse a 135°F o más para evitar la zona de peligro de temperatura donde las bacterias se multiplican rápidamente.,0,2
2,3-501.14,¿En cuánto tiempo debe enfriarse el alimento de 135°F a 70°F?,En 1 hora,En 2 horas,En 4 horas,En 3 horas,2,Time & Temperature,Cooling,La primera etapa de enfriamiento requiere que el alimento baje de 135°F a 70°F en 2 horas para limitar el crecimiento bacteriano.,0,2
3,3-501.14,"Después de alcanzar 70°F, ¿cuánto tiempo tiene para enfriar el alimento a 41°F?",3 horas,4 horas,2 horas,6 horas,2,Time & Temperature,Cooling,"Después de alcanzar 70°F, el alimento debe llegar a 41°F o menos en las próximas 4 horas, completando la ventana total de enfriamiento de 6 horas.",0,2
4,3-501.18,¿Por cuánto tiempo puede mantenerse el alimento TCS refrigerado a 41°F o menos?,3 días,5 días,10 días,7 días,4,Time & Temperature,Cold Holding,Los alimentos TCS ready-to-eat mantenidos a 41°F o menos pueden conservarse hasta 7 días antes de ser descartados.,0,3
5,3-501.19,¿Por cuánto tiempo puede mantenerse el alimento frío sin control de temperatura si comienza a 41°F o menos?,8 horas,4 horas,2 horas,6 horas,4,Time & Temperature,Time as Control,El alimento frío que comienza a 41°F o menos puede mantenerse sin control de temperatura hasta 6 horas siempre que no supere los 70°F.,0,2
6,3-501.17,¿Qué debe incluirse en un alimento TCS ready-to-eat con fecha marcada?,El nombre del empleado que lo preparó,La ubicación del anaquel de almacenamiento,La fecha de uso máximo,La fecha en que fue preparado,3,Time & Temperature,Date Marking,El marcado de fecha requiere una fecha de uso máximo para que el personal sepa el último día seguro para servir el alimento y evitar servir productos vencidos.,0,2
7,3-401.11,¿Cuál es la temperatura interna mínima de cocción para las aves de corral?,165°F por 15 segundos,150°F por 15 segundos,145°F por 15 segundos,155°F por 15 segundos,1,Time & Temperature,Cooking,Las aves de corral deben alcanzar 165°F por al menos 15 segundos para destruir Salmonella y otros patógenos comúnmente presentes en pollo y pavo.,0,3
8,3-401.11,¿Cuál es la temperatura interna mínima de cocción para la carne molida?,165°F por 15 segundos,150°F por 15 segundos,155°F por 15 segundos,145°F por 15 segundos,3,Time & Temperature,Cooking,La carne molida debe alcanzar 155°F por 15 segundos porque el proceso de molienda dispersa los patógenos de la superficie a todo el producto.,0,3
9,3-401.11,¿Cuál es la temperatura interna mínima de cocción para los mariscos?,165°F por 15 segundos,150°F por 15 segundos,155°F por 15 segundos,145°F por 15 segundos,4,Time & Temperature,Cooking,Los mariscos deben alcanzar 145°F por 15 segundos para destruir patógenos como Vibrio y parásitos comunes en pescados y mariscos.,0,3
10,3-403.11,¿Qué debe hacer si el alimento recalentado no alcanza 165°F en 2 horas?,Mantenerlo a 135°F y monitorearlo de cerca,Recalentarlo nuevamente a 165°F,Descartarlo y preparar alimento fresco,Reducir el tamaño de la porción y volver a intentarlo,2,Time & Temperature,Reheating,"Si el recalentamiento se detiene, debe volver a recalentar a 165°F. Mantenerlo a 135°F o descartarlo no son las respuestas correctas.",0,2
11,3-501.15,¿Cuál es el mejor método para enfriar grandes cantidades de sopa?,Dejarla en el mostrador hasta que deje de echar vapor,Usar un baño de hielo y revolver frecuentemente,Colocar la olla tapada directamente en el cuarto frío,Dividir en porciones más pequeñas y refrigerar sin tapa,2,Time & Temperature,Cooling,"Un baño de hielo combinado con agitación elimina el calor de todas las partes de la sopa rápidamente, ayudando a enfriarla a través de la zona de peligro.",0,2
12,3-501.16,¿Cuánto tiempo máximo puede mantenerse el alimento TCS caliente por debajo de 135°F antes de descartarlo?,8 horas,6 horas,2 horas,4 horas,4,Time & Temperature,Hot Holding,El alimento TCS caliente que cae por debajo de 135°F entra en la zona de peligro. Debe descartarse después de 4 horas acumuladas en la zona de peligro.,0,2
13,3-501.16,¿Qué debe hacer si el alimento mantenido en caliente baja a 120°F?,Servirlo inmediatamente antes de que se enfríe más,Recalentarlo a 165°F por 15 segundos antes de devolverlo al equipo de mantenimiento,Revolverlo y continuar manteniéndolo a la temperatura actual,Agregar agua caliente a la bandeja para elevar la temperatura,2,Time & Temperature,Hot Holding,El alimento que ha bajado a 120°F debe recalentarse a 165°F por 15 segundos antes de volver al equipo de mantenimiento en caliente. Agregar agua caliente o revolver no es suficiente.,0,2
14,3-401.11,¿Cuál es la temperatura interna mínima de cocción para la carne rellena?,165°F por 15 segundos,155°F por 15 segundos,145°F por 15 segundos,150°F por 15 segundos,1,Time & Temperature,Cooking,La carne rellena requiere 165°F porque el relleno puede albergar patógenos de la carne cruda que lo rodea y debe alcanzar la misma temperatura que las aves de corral.,0,3
15,3-401.11,¿Cuál es la temperatura interna mínima de cocción para las carnes inyectadas?,150°F por 15 segundos,155°F por 15 segundos,145°F por 15 segundos,165°F por 15 segundos,2,Time & Temperature,Cooking,"Las carnes inyectadas requieren 155°F porque el proceso de inyección lleva patógenos de la superficie al interior de la carne, igual que el proceso de molienda.",0,3
16,3-401.11,¿Cuál es la temperatura interna mínima de cocción para los huevos cocinados y servidos inmediatamente?,165°F por 15 segundos,155°F por 15 segundos,135°F por 15 segundos,145°F por 15 segundos,4,Time & Temperature,Cooking,"Los huevos cocinados y servidos inmediatamente deben alcanzar 145°F por 15 segundos, lo que destruye la Salmonella mientras permite una yema ligeramente líquida si se desea.",0,3
17,3-401.11,¿Cuál es la temperatura interna mínima de cocción para los huevos mantenidos para el servicio?,155°F por 15 segundos,165°F por 15 segundos,145°F por 15 segundos,135°F por 15 segundos,1,Time & Temperature,Cooking,Los huevos mantenidos para el servicio requieren 155°F porque estarán en equipo de mantenimiento en lugar de ser servidos inmediatamente después de cocinarse.,0,3
18,3-401.11,¿Cuál es la temperatura interna mínima de cocción para los cortes enteros de res?,165°F por 15 segundos,155°F por 15 segundos,145°F por 15 segundos,135°F por 15 segundos,3,Time & Temperature,Cooking,"Los cortes enteros de res deben alcanzar 145°F por 15 segundos. Como los patógenos se encuentran principalmente en la superficie y el interior permanece intacto, esta temperatura es suficiente.",0,3
19,3-401.11,¿Cuál es la temperatura interna mínima de cocción para los asados de res?,145°F mantenido por 4 minutos,155°F por 15 segundos,165°F por 15 segundos,135°F por 15 segundos,1,Time & Temperature,Cooking,Los asados pueden cocinarse a 145°F pero deben mantenerse a esa temperatura durante 4 minutos para asegurar que el calor penetre el interior denso y destruya los patógenos.,0,3
20,3-401.11,¿Cuál es la temperatura interna mínima de cocción para los animales de caza criados comercialmente?,135°F por 15 segundos,165°F por 15 segundos,155°F por 15 segundos,145°F por 15 segundos,3,Time & Temperature,Cooking,"Los animales de caza criados comercialmente requieren 155°F por 15 segundos debido a la posible contaminación por patógenos durante el procesamiento, similar a la carne molida.",0,3
21,3-401.11,¿Cuál es la temperatura interna mínima de cocción para frutas y verduras cocinadas para mantenimiento en caliente?,135°F,165°F,155°F,145°F,1,Time & Temperature,Cooking,"Las frutas y verduras cocinadas para mantenimiento en caliente deben alcanzar 135°F, lo que destruye los patógenos que pueden crecer en los productos mientras preserva la calidad.",0,2
22,3-501.14,¿Cuál es el requisito de enfriamiento en dos etapas para los alimentos TCS?,"De 135°F a 70°F en 4 horas, luego a 41°F en 2 horas","De 135°F a 70°F en 3 horas, luego a 41°F en 3 horas más","De 135°F a 70°F en 2 horas, luego a 41°F en 4 horas más",De 135°F a 41°F en un total de 6 horas,3,Time & Temperature,Cooling,"El requisito de enfriamiento en dos etapas es: de 135°F a 70°F en 2 horas, luego de 70°F a 41°F en las siguientes 4 horas, para un tiempo total de enfriamiento de 6 horas.",0,3
23,3-501.14,¿Qué debe hacer si el alimento no se ha enfriado de 135°F a 70°F en 2 horas?,Moverlo al congelador para acelerar el enfriamiento,Transferirlo a una bandeja más plana y continuar el enfriamiento,Continuar enfriando y verificar nuevamente en 30 minutos,Recalentarlo a 165°F y reiniciar el proceso de enfriamiento,4,Time & Temperature,Cooling,"Si la primera etapa de enfriamiento falla, el alimento debe recalentarse a 165°F y reiniciarse el proceso de enfriamiento. Continuar enfriando alimento no seguro no es aceptable.",0,2
24,3-501.15,¿Cuál es el mejor tipo de recipiente para enfriar alimento caliente rápidamente?,Una olla profunda con tapa,Una bandeja poco profunda con gran superficie,Un recipiente plástico sellado,Una bandeja de hotel estándar con tapa,2,Time & Temperature,Cooling,"Las bandejas poco profundas tienen una gran relación de superficie a volumen, lo que permite que el calor escape más rápidamente y ayuda al alimento a enfriarse a través de la zona de peligro más rápido.",0,2
25,3-501.15,¿Cuál es el método correcto para enfriar alimento en bandejas poco profundas?,Colocarlas tapadas en el estante superior,Apilarlas para ahorrar espacio en el cuarto frío,Colocarlas sin tapa en el cuarto frío para permitir que el calor escape,Envolverlas herméticamente con plástico para evitar contaminación,3,Time & Temperature,Cooling,Las bandejas poco profundas colocadas sin tapa en el cuarto frío permiten que el calor escape desde una gran superficie y que el aire frío circule alrededor del alimento.,0,2
26,3-501.14,¿Cuál es el mejor método para enfriar rápidamente una olla grande de chili?,Agregar agua fría directamente a la olla para bajar la temperatura,Dejarlo sin tapa a temperatura ambiente hasta que deje de echar vapor,Usar una paleta de hielo y colocar la olla en un baño de hielo,Dividir en recipientes más pequeños tapados y refrigerar,3,Time & Temperature,Cooling,"Una paleta de hielo agitada en el chili, combinada con un baño de hielo alrededor del recipiente, extrae el calor del centro y del exterior simultáneamente.",0,3
27,3-501.16,¿Cuántas horas acumuladas puede permanecer el alimento TCS frío por encima de 41°F antes de ser descartado?,6 horas,8 horas,2 horas,4 horas,4,Time & Temperature,Cold Holding,El alimento TCS frío que sube por encima de 41°F entra en la zona de peligro de temperatura y debe descartarse después de un total acumulado de 4 horas en ese rango.,0,2
28,3-501.16,Se encuentra alimento mantenido en frío a 50°F. ¿Qué debe hacer?,Descartarlo a menos que pueda confirmar que ha estado por encima de 41°F por menos de 4 horas,Transferirlo inmediatamente a una unidad más fría,Servirlo de inmediato antes de que se caliente más,Agregar hielo para bajar la temperatura y continuar manteniéndolo,1,Time & Temperature,Cold Holding,"El alimento frío a 50°F ha estado en la zona de peligro. A menos que pueda confirmar que ha estado ahí menos de 4 horas en total, debe descartarlo.",0,2
29,3-501.19,¿Qué debe hacerse al mantener alimento frío sin control de temperatura?,Mantenerlo tapado en todo momento para frenar el calentamiento,Etiquetarlo con la hora en que debe descartarse,Revolverlo cada hora para distribuir la temperatura,Agregar hielo cada 2 horas para mantener la seguridad,2,Time & Temperature,Time as Control,"Al usar el tiempo como control, el alimento frío debe etiquetarse con la hora en que debe descartarse para que el personal pueda rastrear el máximo de 6 horas y evitar servir alimento no seguro.",0,2
30,3-501.16,"Al usar el tiempo como control de salud pública para alimento caliente, ¿cuál es el tiempo máximo de mantenimiento permitido?",8 horas,4 horas,6 horas,2 horas,2,Time & Temperature,Time as Control,"Al usar el tiempo como control de salud pública para alimento caliente, el tiempo máximo permitido es 4 horas, después de lo cual el alimento debe descartarse.",0,2
31,3-501.16,El alimento mantenido en caliente ha estado por debajo de 135°F por más de 4 horas acumuladas. ¿Qué debe hacer?,Servirlo inmediatamente para limpiar el lote,Agregar agua caliente para elevar la temperatura,Recalentarlo a 165°F y devolverlo a la mesa de vapor,Descartarlo,4,Time & Temperature,Hot Holding,El alimento que ha estado por debajo de 135°F por más de 4 horas acumuladas ha excedido el límite de tiempo seguro en la zona de peligro y debe descartarse.,0,2
32,3-501.17,¿Cuál es la temperatura correcta de recepción para el alimento TCS frío?,32°F o menos,41°F o menos,50°F o menos,45°F o menos,2,Time & Temperature,Date Marking,El alimento TCS frío debe recibirse a 41°F o menos para asegurar que se ha mantenido fuera de la zona de peligro de temperatura durante el transporte.,0,2
33,3-302.11,¿Dónde deben almacenarse las aves de corral crudas en un cuarto frío?,En el estante más bajo por debajo de todos los demás alimentos,Junto a la carne de res cruda en el mismo estante,Por encima de los mariscos crudos,En el estante del medio lejos de los productos frescos,1,Cross-Contamination,Storage Order,Las aves de corral crudas se almacenan en el estante más bajo porque tienen la temperatura de cocción requerida más alta y representan el mayor riesgo de cross-contamination si gotean.,0,2
34,3-302.11,¿Cuál es el orden correcto de almacenamiento en refrigerador de arriba hacia abajo?,Cortes enteros – Mariscos – Carne molida – Ready-to-eat – Aves,Ready-to-eat – Mariscos – Cortes enteros – Carne molida – Aves,Carne molida – Aves – Cortes enteros – Mariscos – Ready-to-eat,Mariscos – Cortes enteros – Carne molida – Aves – Ready-to-eat,2,Cross-Contamination,Storage Order,Los alimentos se almacenan por temperatura mínima de cocción requerida con ready-to-eat arriba y aves al fondo para evitar que los artículos de mayor riesgo goteen sobre los de menor riesgo.,0,3
35,3-302.11,¿Qué tabla de cortar debe usarse para el pollo crudo?,Una tabla designada solo para aves,Una tabla usada solo para proteínas crudas,Cualquier tabla limpia y sanitizada,Una tabla que no se haya usado en ese turno,1,Cross-Contamination,Equipment Use,Una tabla de cortar dedicada para aves previene que los patógenos del pollo crudo contaminen productos frescos o alimentos ready-to-eat preparados en la misma superficie.,0,3
36,3-304.11,¿Cuál de los siguientes es un ejemplo de cross-contamination?,Enjuagar guantes entre tareas en lugar de cambiarlos,Usar tablas de cortar codificadas por colores para diferentes alimentos,Almacenar carne cruda por debajo de los alimentos ready-to-eat,Usar las mismas pinzas para pollo crudo y cocido,4,Cross-Contamination,General,"Usar las mismas pinzas para pollo crudo y cocido transfiere patógenos directamente a alimentos que no se cocinarán nuevamente, lo cual es cross-contamination.",0,2
37,3-304.11,¿Cuál de los siguientes es un ejemplo de prevención de cross-contamination?,Usar los mismos guantes para todas las tareas para ahorrar tiempo,Almacenar carne cruda en el estante sobre las ensaladas ready-to-eat,Usar una tabla de cortar para todos los alimentos y sanitizar entre usos,Usar equipo separado para alimentos crudos y ready-to-eat,4,Cross-Contamination,General,El equipo dedicado para alimentos crudos versus ready-to-eat asegura que los patógenos de los productos crudos nunca entren en contacto con alimentos que se sirven sin cocción adicional.,0,2
38,3-304.14,¿Con qué frecuencia deben analizarse los cubos de sanitizante durante el día?,Solo cuando la solución se vea turbia o decolorada,Una vez al abrir y una vez al cerrar,Regularmente durante el turno para mantener la concentración adecuada,Solo al inicio de cada turno,3,Cross-Contamination,Sanitizer Use,La solución sanitizante se degrada con el tiempo y el uso. Las pruebas regulares con tiras reactivas aseguran que mantenga la concentración necesaria para matar patógenos eficazmente.,0,2
39,3-304.14,¿Con qué frecuencia deben reemplazarse los trapos almacenados en solución sanitizante?,Cada 2 horas según un horario fijo,Cada hora independientemente de su condición,Al inicio de cada nueva tarea,Cuando la solución se ensucie o pierda concentración,4,Cross-Contamination,Sanitizer Use,La solución sanitizante pierde efectividad cuando se ensucia o diluye. Los trapos deben colocarse en solución fresca para mantener la potencia sanitizante adecuada.,0,2
40,3-304.14,¿Qué debe hacerse con un trapo usado para limpiar un derrame de carne cruda?,Continuar usándolo ya que ya está sucio,Guardarlo en el cubo de sanitizante y usarlo en otras superficies,Enjuagarlo bien y devolverlo al cubo de sanitizante,Lavarlo o descartarlo — no reutilizarlo en otras superficies,4,Cross-Contamination,Sanitizer Use,Los trapos usados en derrames de carne cruda están muy contaminados y deben lavarse o descartarse. Enjuagarlos o guardarlos en sanitizante no los hace seguros para otras superficies.,0,2
41,3-302.12,¿Cuál es la forma correcta de manejar los alérgenos durante la preparación de alimentos?,Lavarse las manos entre tareas con y sin alérgenos,Usar equipo separado dedicado a artículos libres de alérgenos,Usar guantes al manipular ingredientes con alérgenos,Preparar los artículos libres de alérgenos en una superficie recién sanitizada,2,Cross-Contamination,Allergens,El contacto cruzado con alérgenos puede ocurrir incluso con cantidades mínimas. El equipo separado evita que las proteínas alérgenas lleguen a comidas que se pretende sean libres de alérgenos.,0,2
42,3-302.11,¿Cuándo deben prepararse las comidas libres de alérgenos?,"Primero, antes de manipular cualquier alimento con alérgenos, o por separado con equipo dedicado",Durante los períodos más tranquilos cuando la cocina está menos ocupada,"Al final, para que el equipo dedicado pueda limpiarse después",Después de completar todos los demás pedidos,1,Cross-Contamination,Allergens,"Las comidas libres de alérgenos deben prepararse primero, antes de manipular alimentos con alérgenos, o por separado usando equipo dedicado para evitar el contacto cruzado.",0,2
43,3-602.11,¿Qué debe incluirse en un artículo de alimento empacado que contiene alérgenos?,Una declaración que liste los alérgenos que contiene,El nombre del empleado que lo preparó,Las instrucciones de almacenamiento del artículo,La fecha y hora de preparación,1,Cross-Contamination,Allergens,Una declaración de alérgenos en el alimento empacado es obligatoria para que los clientes con alergias alimentarias puedan tomar decisiones informadas y seguras.,1,2
44,3-302.11,¿Cuál de los siguientes alimentos es uno de los nueve alérgenos principales reconocidos por la FDA?,Maíz,Tomates,Ajo,Cacahuates,4,Cross-Contamination,Allergens,Los cacahuates son uno de los nueve alérgenos alimentarios principales reconocidos por la FDA y una de las causas más comunes de reacciones anafilácticas graves.,0,2
45,3-302.11,¿Qué alimento tiene más probabilidad de causar una reacción alérgica grave?,Nueces de árbol,Arroz blanco,Ejotes,Zanahorias,1,Cross-Contamination,Allergens,Las nueces de árbol son uno de los nueve alérgenos alimentarios principales y una de las causas más comunes de reacciones alérgicas potencialmente mortales.,0,2
46,3-302.11,¿Cómo deben almacenarse los ingredientes con alérgenos?,Por separado de otros ingredientes y claramente etiquetados,En el estante más bajo para evitar goteos,Junto con otros ingredientes para ahorrar espacio,Junto a las proteínas crudas para fácil identificación,1,Cross-Contamination,Allergens,Los ingredientes con alérgenos almacenados por separado y claramente etiquetados evitan el uso accidental en platillos libres de alérgenos y permiten al personal identificarlos rápidamente.,0,2
47,3-304.11,¿Cuál de los siguientes previene mejor el contacto cruzado con alérgenos?,Usar utensilios separados dedicados a la preparación de comidas libres de alérgenos,Preparar primero los platillos con alérgenos,Lavar utensilios entre tareas con y sin alérgenos,Almacenar los alérgenos con otros ingredientes en el mismo estante,1,Cross-Contamination,Allergens,Usar utensilios separados para las comidas libres de alérgenos evita que las proteínas alérgenas se transfieran a alimentos que un cliente cree que son seguros para su alergia.,0,1
48,3-304.15,¿Cuándo deben cambiarse los guantes desechables?,Solo cuando estén visiblemente rotos o sucios,"Después de manipular carne cruda, tocar superficies que no son de contacto con alimentos, o después de uso prolongado",Después de cada 30 minutos de uso continuo,Después de completar cada tarea individual,2,Cross-Contamination,Glove Use,"Los guantes deben cambiarse después de manipular carne cruda, después de tocar superficies que no son de contacto con alimentos, y después de uso prolongado para evitar transferir contaminación.",0,2
49,3-304.15,¿Cuándo deben cambiar sus guantes los manipuladores de alimentos?,Solo al pasar de proteínas crudas a productos frescos,Solo después de 4 horas de uso continuo,Al cambiar entre tareas con diferentes alimentos o superficies,Solo cuando los guantes estén visiblemente sucios,3,Cross-Contamination,Glove Use,"Los guantes deben cambiarse al cambiar de tarea, después de uso prolongado, y después de tocar superficies que no son de contacto con alimentos. Las tres situaciones requieren guantes nuevos.",0,2
50,3-302.11,¿Dónde deben almacenarse los productos químicos en un establecimiento de servicio de alimentos?,En el estante superior encima de los productos secos,En un área designada lejos de todos los alimentos y equipos de contacto con alimentos,Junto al equipo de limpieza para fácil acceso,Bajo la mesa de preparación cuando no se usen,2,Cross-Contamination,Chemical Safety,Los productos químicos deben almacenarse lejos de todos los alimentos y equipos de contacto con alimentos para evitar la contaminación química accidental.,0,2
51,3-302.11,¿Qué debe hacerse si se encuentran productos químicos almacenados cerca de los alimentos?,Dejarlos si los recipientes están sellados,Almacenarlos en el estante superior del área de productos secos,Moverlos inmediatamente a un área de almacenamiento designada lejos de los alimentos,Colocarlos bajo la mesa de preparación fuera del camino,3,Cross-Contamination,Chemical Safety,"Los productos químicos almacenados cerca de los alimentos representan un riesgo de contaminación incluso sellados, debido a derrames, fugas o identificación errónea. Siempre deben almacenarse en un área separada designada.",0,2
52,2-301.12,¿Cuánto tiempo deben frotarse las manos durante el lavado?,30 a 60 segundos,20 a 30 segundos,10 a 15 segundos,5 a 8 segundos,3,Personal Hygiene,Handwashing,Frotar por 10 a 15 segundos con jabón crea suficiente fricción para eliminar patógenos y suciedad de las manos y entre los dedos.,0,2
53,2-301.14,¿Cuándo deben lavarse las manos los manipuladores de alimentos?,Solo después de usar el baño,Después de cada tarea individual durante el turno,"Después de usar el baño, tocar carne cruda, y antes de ponerse guantes",Solo al pasar entre áreas de alimentos crudos y cocidos,3,Personal Hygiene,Handwashing,"El lavado de manos es obligatorio después de usar el baño, antes de ponerse guantes, y después de tocar carne cruda. Los tres son momentos obligatorios de higiene de manos.",0,2
54,2-301.12,¿Qué acción requiere que un manipulador de alimentos se lave las manos?,Manipular equipo sucio,Estar cerca del área de preparación,Hablar con un compañero de trabajo,Caminar por el área del comedor,1,Personal Hygiene,Handwashing,"Manipular equipo sucio introduce patógenos en las manos, requiriendo lavado de manos inmediato antes de regresar a la preparación de alimentos.",0,2
55,2-301.12,¿Qué acción requiere lavado de manos?,Tocar una mesa de preparación,Hablar con un compañero que usa mascarilla,Manipular aves de corral crudas,Caminar por el comedor,3,Personal Hygiene,Handwashing,"Manipular aves de corral crudas introduce patógenos en las manos, requiriendo lavado de manos inmediato antes de tocar cualquier otra superficie o alimento.",0,1
56,2-301.13,¿Cuál es la temperatura mínima del agua requerida para el lavado de manos?,Al menos 80°F,Al menos 100°F,Al menos 90°F,Al menos 120°F,2,Personal Hygiene,Handwashing,El agua debe estar al menos a 100°F para eliminar eficazmente aceites y patógenos de la piel durante el lavado de manos correcto.,0,2
57,2-301.13,¿Cuál es la secuencia correcta para el lavado de manos?,Mojarse las manos – Frotar sin jabón – Aplicar jabón – Enjuagar – Secar,Enjuagar – Aplicar jabón – Frotar – Mojar manos – Secar,Aplicar jabón – Frotar – Mojarse las manos – Enjuagar – Secar,Mojarse las manos – Aplicar jabón – Frotar 10-15 segundos – Enjuagar – Secar,4,Personal Hygiene,Handwashing,"La secuencia correcta de lavado de manos es: mojar manos, aplicar jabón, frotar 10 a 15 segundos, enjuagar bien, y secar con una toalla de un solo uso o secador de aire.",0,2
58,2-301.15,¿Cuándo es aceptable usar un antiséptico para manos?,Como reemplazo del lavado de manos antes de ponerse guantes,Como suplemento después de completar el lavado de manos correcto,Cuando los lavamanos estén ocupados,Cuando las manos no estén visiblemente sucias,2,Personal Hygiene,Handwashing,"El antiséptico para manos solo puede usarse después del lavado de manos correcto. Es un suplemento, no un reemplazo, y no elimina la suciedad ni la materia orgánica.",0,2
59,2-303.11,¿Qué tipo de joyería está permitida para los manipuladores de alimentos?,Una pulsera de alerta médica,Un anillo de banda simple sin piedras ni engastes,Una pulsera de cadena delgada,Una pulsera de silicona,2,Personal Hygiene,Jewelry,"Un anillo de banda simple es la única joyería permitida porque no tiene hendiduras donde se puedan atrapar partículas de alimento o patógenos, a diferencia de pulseras, relojes o anillos con piedras.",0,2
60,2-303.11,¿Por qué un anillo de banda simple es la única joyería que puede usar un manipulador de alimentos?,Es más fácil ponerse guantes sobre una banda simple,Se ve más profesional en la cocina,Su superficie lisa tiene mucho menos probabilidad de albergar bacterias que los anillos con piedras o engastes,Es requerido por la mayoría de los códigos de salud locales,3,Personal Hygiene,Jewelry,"Un anillo de banda simple tiene una superficie lisa sin engastes ni hendiduras, lo que lo hace mucho menos propenso a albergar bacterias en comparación con anillos ornamentados o con gemas.",0,2
61,2-303.11,¿Por qué está restringida la joyería para los manipuladores de alimentos?,Puede caer en el alimento y causar un peligro físico,Interfiere con ponerse los guantes correctamente,Se ve poco profesional en un establecimiento de servicio de alimentos,Sus ranuras y hendiduras pueden albergar patógenos que el lavado de manos no puede eliminar completamente,4,Personal Hygiene,Jewelry,"La joyería tiene ranuras y hendiduras que atrapan humedad, partículas de alimento y patógenos, haciendo imposible el lavado de manos completo y aumentando el riesgo de contaminación.",0,2
62,2-201.11,¿Cuándo debe excluirse a un manipulador de alimentos del establecimiento?,Cuando le diagnostican Norovirus,Cuando tiene dolor de garganta leve,Cuando tiene un corte infectado en el dedo,Cuando se siente cansado después de un turno largo,1,Personal Hygiene,Illness,Un diagnóstico de Norovirus requiere exclusión del establecimiento porque es una enfermedad altamente contagiosa que puede transmitirse a través del manejo de alimentos.,0,2
63,2-201.11,¿Qué síntoma requiere que un manipulador de alimentos sea excluido del establecimiento?,Fatiga,Ictericia,Dolor de cabeza,Dolor de garganta sin fiebre,2,Personal Hygiene,Illness,"La ictericia es un síntoma de Hepatitis A, una enfermedad transmitida por alimentos altamente contagiosa que requiere exclusión inmediata del establecimiento y reporte a la autoridad de salud.",0,2
64,2-201.12,¿Qué debe hacer un gerente si un manipulador de alimentos reporta vómitos en el trabajo?,Monitorear sus síntomas y reevaluar después de una hora,Reasignarlo a tareas de limpieza lejos de alimentos expuestos,Excluirlo completamente del establecimiento,Hacer que use guantes y mascarilla y continúe trabajando,3,Personal Hygiene,Illness,Los vómitos son síntoma de posible enfermedad transmitida por alimentos y requieren exclusión total. Reasignar a tareas sin alimentos no es suficientemente seguro para este síntoma.,0,1
65,2-201.12,¿Qué debe hacer un gerente cuando a un manipulador de alimentos le diagnostican Hepatitis A?,Permitirle trabajar con guantes y mascarilla,Notificar a la autoridad reguladora y excluir al manipulador de alimentos,Reasignarlo solo a tareas sin alimentos,Hacer que use mascarilla y monitoree síntomas diariamente,2,Personal Hygiene,Illness,La Hepatitis A es una enfermedad de reporte obligatorio. El gerente debe notificar a la autoridad reguladora inmediatamente y excluir al manipulador de alimentos del establecimiento.,0,2
66,2-401.11,¿Qué debe hacer un manipulador de alimentos si está tosiendo y estornudando?,Trabajar solo en áreas alejadas de alimentos expuestos,Quedarse en casa o ser reasignado lejos del manejo de alimentos,Usar guantes y mascarilla mientras trabaja,Aumentar la frecuencia de lavado de manos durante el turno,2,Personal Hygiene,Illness,Toser y estornudar puede transmitir patógenos respiratorios a los alimentos. Un manipulador con estos síntomas debe quedarse en casa o ser reasignado lejos de los alimentos.,0,2
67,2-401.11,¿Qué debe hacer un manipulador de alimentos con tos persistente?,Aumentar el lavado de manos y el uso de guantes,Trabajar solo con ingredientes crudos que se cocinarán completamente,Usar mascarilla y continuar trabajando,Evitar trabajar directamente con alimentos,4,Personal Hygiene,Illness,Una tos persistente puede transmitir gotículas respiratorias y posibles patógenos a los alimentos y superficies de contacto. El manipulador no debe trabajar con alimentos.,0,2
68,4-601.11,¿Qué debe hacerse con una tabla de cortar que tiene ranuras o cortes profundos?,Remojarla toda la noche en solución sanitizante,Sanitizarla con mayor frecuencia para compensar,Reservarla solo para productos secos,Reemplazarla por una tabla nueva,4,Cleaning & Sanitizing,Equipment,Las ranuras profundas atrapan alimentos y bacterias que no pueden eliminarse con lavado o sanitización. La tabla debe reemplazarse para mantener una superficie de contacto con alimentos segura.,0,2
69,4-601.11,¿Qué debe hacerse con el equipo que no puede limpiarse o sanitizarse correctamente?,Usarlo solo durante los períodos tranquilos cuando el riesgo es menor,Reservarlo solo para almacenamiento de productos secos,Retirarlo del servicio,Sanitizarlo con mayor frecuencia para compensar,3,Cleaning & Sanitizing,Equipment,El equipo que no puede limpiarse completamente alberga bacterias independientemente de la frecuencia de sanitización y debe retirarse del servicio para proteger la seguridad alimentaria.,0,2
70,4-601.11,¿Qué debe hacerse con los utensilios almacenados en agua estancada por debajo de 135°F?,Moverlos a un área de almacenamiento seco,Recalentar el agua a 165°F y continuar usándolos,Continuar usándolos ya que están sumergidos en líquido,Descartar los utensilios y reemplazarlos con unos limpios,4,Cleaning & Sanitizing,Utensil Storage,El agua estancada por debajo de 135°F está en la zona de peligro de temperatura y puede albergar bacterias. Los utensilios almacenados de esta forma están contaminados y deben reemplazarse.,0,3
71,4-602.11,¿Con qué frecuencia deben limpiarse y sanitizarse las superficies de contacto con alimentos durante el uso continuo?,Cada 4 horas,Cada 2 horas,Una vez por turno,Una vez al día al cierre,1,Cleaning & Sanitizing,Food-Contact Surfaces,Las superficies de contacto con alimentos en uso continuo deben limpiarse y sanitizarse al menos cada 4 horas para evitar la acumulación de bacterias que podrían contaminar los alimentos.,0,2
72,4-602.11,¿Con qué frecuencia deben limpiarse las superficies que no están en contacto con alimentos?,Solo cuando estén visiblemente sucias,Con un horario regular para evitar acumulación de grasa y atracción de plagas,Una vez al día al cierre,Cada 4 horas,2,Cleaning & Sanitizing,Non-Food Surfaces,"Las superficies que no están en contacto con alimentos deben limpiarse regularmente según un horario para evitar la acumulación de grasa, atracción de plagas y posible contaminación indirecta de alimentos.",0,2
73,4-602.11,¿Con qué frecuencia deben limpiarse y sanitizarse las máquinas de hielo?,Solo cuando haya moho o limo visible,Solo durante las inspecciones del departamento de salud,Con un horario regular según lo especificado por el fabricante,Una vez al año durante la temporada lenta,3,Cleaning & Sanitizing,Equipment,Las máquinas de hielo deben limpiarse según un horario regular per las instrucciones del fabricante porque el moho y las bacterias pueden acumularse en el ambiente húmedo del interior.,0,2
74,4-501.114,¿Cuál es el rango de concentración correcto para el sanitizante de cloro?,50 a 99 ppm,200 a 300 ppm,10 a 20 ppm,150 a 200 ppm,1,Cleaning & Sanitizing,Sanitizer,El sanitizante de cloro debe estar entre 50 y 99 ppm para ser efectivo. Demasiado bajo y no sanitizará. Demasiado alto y se convierte en un peligro químico.,0,3
75,4-501.114,¿Cuál es la concentración correcta para el sanitizante de amonio cuaternario?,Siempre 200 ppm,Siempre 50 ppm,Siempre 500 ppm,Según lo especificado por el fabricante,4,Cleaning & Sanitizing,Sanitizer,"La concentración del amonio cuaternario varía según el producto, por lo que siempre deben seguirse las instrucciones del fabricante para garantizar la efectividad y seguridad adecuadas.",0,3
76,4-501.114,¿Qué debe hacer si las tiras reactivas muestran que la solución sanitizante está por debajo de la concentración requerida?,Ajustar la concentración o reemplazar la solución completamente,Agregar más agua para diluir y reestabilizar la solución,Cambiar a agua simple hasta que haya nuevo sanitizante disponible,Usar la solución tal cual ya que todavía tiene algo de efectividad,1,Cleaning & Sanitizing,Sanitizer,Una concentración baja significa que el sanitizante no matará los patógenos eficazmente. La solución debe ajustarse al nivel correcto o reemplazarse completamente.,0,2
77,4-501.114,¿Qué debe hacer si la concentración del sanitizante está demasiado alta?,Cambiar a agua simple para sanitizar,Diluirlo a la concentración correcta antes de usarlo,Agregar más sanitizante para estabilizar la concentración,Usarlo tal cual ya que el sanitizante más fuerte es más seguro,2,Cleaning & Sanitizing,Sanitizer,Un sanitizante demasiado concentrado puede dejar residuos químicos dañinos en las superficies de contacto con alimentos. Debe diluirse al nivel correcto antes de usarlo.,0,2
78,4-703.11,¿Cuál es el paso final en el proceso del fregadero de tres compartimentos?,Enjuagar con agua caliente para eliminar los residuos de sanitizante,Secar los artículos con una toalla limpia de un solo uso,Permitir que los artículos se sequen completamente al aire,Limpiar con un trapo fresco de sanitizante,3,Cleaning & Sanitizing,Warewashing,"Después de sanitizar, los artículos deben secarse completamente al aire. Secarlos a mano con toallas puede recontaminar las superficies y anular el paso de sanitización.",0,2
79,4-703.11,¿Qué debe hacerse después de lavar y enjuagar el equipo en un fregadero de tres compartimentos?,Almacenarlo inmediatamente en un lugar limpio y seco,Sanitizarlo y luego permitir que se seque al aire,Secarlo a mano con una toalla limpia de un solo uso,Calentarlo a 165°F para asegurar que los patógenos sean destruidos,2,Cleaning & Sanitizing,Warewashing,"Después de lavar y enjuagar, el equipo debe sanitizarse para matar los patógenos restantes y luego dejarse secar completamente al aire antes de almacenarlo o usarlo.",0,2
80,4-703.11,¿Qué se requiere después de sanitizar el equipo de contacto con alimentos?,Dejar que se seque completamente al aire,Calentarlo para asegurar que todos los patógenos sean eliminados,Almacenarlo inmediatamente en un gabinete cerrado,Secarlo a mano con una toalla limpia,1,Cleaning & Sanitizing,Equipment,El equipo debe secarse al aire después de sanitizarlo. Limpiar con una toalla puede reintroducir bacterias en la superficie sanitizada y negar el paso de sanitización.,0,2
81,4-501.112,¿Cuál es la temperatura mínima del enjuague final para una lavadora de platos de alta temperatura?,165°F,200°F,150°F,180°F,4,Cleaning & Sanitizing,Warewashing,Una lavadora de platos de alta temperatura debe alcanzar 180°F en la superficie de los utensilios durante el enjuague final para asegurar una sanitización efectiva por calor.,0,3
82,4-501.112,¿Cuál es la temperatura mínima del agua de lavado para una lavadora de platos de alta temperatura?,120°F,180°F,150°F,200°F,3,Cleaning & Sanitizing,Warewashing,El ciclo de lavado de una lavadora de platos de alta temperatura debe alcanzar al menos 150°F para eliminar eficazmente los residuos de alimentos antes del enjuague sanitizante final.,0,3
83,3-302.15,¿Qué debe hacerse antes de cortar o preparar productos frescos?,Enjuagarlos bajo agua corriente limpia,Recortar solo las imperfecciones visibles,Pelarlos antes de lavar para eliminar contaminantes de la superficie,Sanitizarlos con una solución química apta para alimentos,1,Food Preparation,Produce,"Lavar los productos bajo agua corriente elimina tierra, pesticidas y patógenos de superficie antes de cortar, lo que de otra manera dispersaría los contaminantes en la pulpa.",0,2
84,3-302.15,¿Qué debe hacerse con los productos visiblemente echados a perder?,Descartarlos completamente,Recortar las partes echadas a perder y usar el resto,Congelarlos para detener el deterioro adicional,Lavarlos bien e inspeccionar antes de servir,1,Food Preparation,Produce,"Los productos visiblemente echados a perder deben descartarse completamente. Recortar las partes dañadas no es suficiente, ya que los patógenos y el moho pueden haberse extendido más allá del daño visible.",0,2
85,3-302.15,"Después de lavar los productos, ¿cómo deben almacenarse?",Guardados separados de las proteínas crudas y tapados para evitar recontaminación,Colocados junto a las proteínas crudas en el cuarto frío,Dejados en la mesa de preparación hasta que se necesiten,Almacenados en un recipiente con agua estancada para mantenerlos frescos,1,Food Preparation,Produce,Los productos lavados deben protegerse de la cross-contamination almacenándolos lejos de las proteínas crudas y manteniéndolos tapados para evitar la recontaminación.,0,2
86,3-302.12,¿Cuál es el método más seguro para descongelar alimentos congelados?,Sumergido en una palangana con agua tibia estancada,En el mostrador a temperatura ambiente,Bajo agua tibia corriente en el mostrador,En el refrigerador a 41°F o menos,4,Food Preparation,Thawing,"Descongelar bajo refrigeración mantiene el alimento fuera de la zona de peligro de temperatura durante todo el proceso de descongelación, lo que lo hace el método más seguro.",0,2
87,3-302.12,¿Cuál es el método más seguro para descongelar pescado?,En agua tibia en el mostrador,En la mesa de preparación a temperatura ambiente,Bajo refrigeración a 41°F o menos,Bajo luz solar directa para acelerar el proceso,3,Food Preparation,Thawing,"Descongelar bajo refrigeración mantiene el pescado a una temperatura segura durante todo el proceso de descongelación, previniendo el crecimiento bacteriano.",0,2
88,3-302.12,¿Qué método de descongelación es aceptable según el código alimentario?,En la mesa de preparación a temperatura ambiente,En el microondas si el alimento se cocina inmediatamente después,Sumergido en un recipiente con agua estancada,Sobre el horno usando el calor residual,2,Food Preparation,Thawing,"La descongelación en microondas es aceptable solo si el alimento se cocina inmediatamente después, porque partes del alimento pueden comenzar a cocinarse de manera desigual durante el proceso.",0,2
3,3-401.15,¿Cuál es el límite de tiempo correcto para la etapa inicial de cocción parcial?,Refrigerar por 24 horas antes de terminar,Cocinar por no más de 60 minutos inicialmente,Servir inmediatamente después de la cocción parcial,Mantener a temperatura ambiente hasta que se necesite para el servicio,2,Food Preparation,Partial Cooking,La cocción parcial debe limitarse a no más de 60 minutos para evitar que el alimento pase demasiado tiempo en la zona de peligro de temperatura antes de terminar.,0,3
90,3-302.11,¿Cómo debe manejarse el hielo para bebidas?,Con las manos desnudas,Con una cuchara para hielo dedicada,Usando un vaso como cuchara,Con una toalla o paño limpio,2,Food Preparation,Ice Handling,"El hielo debe manejarse con una cuchara para evitar el contacto de las manos. El hielo es un alimento, y las manos desnudas o los vasos usados como cucharas introducen contaminación.",0,1
91,3-302.11,¿Qué debe hacerse con los utensilios que se han usado para carne cruda?,Usar utensilios separados para alimentos crudos y ready-to-eat,Sanitizarlos una vez por turno,Almacenarlos con utensilios limpios después de enjuagarlos,Continuar usándolos si se usan guantes,1,Food Preparation,Utensils,Los utensilios separados para alimentos crudos y ready-to-eat evitan que los patógenos de los artículos crudos se transfieran a alimentos que no recibirán cocción adicional.,0,2
92,3-302.11,¿Cómo deben manejarse los utensilios usados para comidas libres de alérgenos?,Reservarlos para uso con carne cruda para evitar confusión,Sanitizarlos una vez por turno,Mantenerlos completamente separados de todos los demás utensilios,Lavarlos y almacenarlos con todos los demás utensilios,3,Food Preparation,Allergens,"Los utensilios usados para comidas libres de alérgenos deben mantenerse completamente separados para evitar el contacto cruzado con alérgenos, que puede desencadenar reacciones graves.",0,2
93,3-302.11,¿Qué debe hacerse con el alimento contaminado por un producto químico?,Enjuagarlo bien bajo agua corriente y servir,Cocinarlo a 165°F para neutralizar la contaminación,Descartarlo inmediatamente,Etiquetarlo y apartarlo para inspección del supervisor,3,Food Preparation,Contamination,La contaminación química no puede corregirse enjuagando o cocinando. El alimento contaminado debe descartarse inmediatamente para evitar enfermedades.,0,1
94,3-302.11,¿Qué debe hacerse con el alimento contaminado por vidrio roto?,Etiquetarlo y apartarlo para el supervisor,Colar el vidrio y continuar usando el alimento,Descartarlo inmediatamente,Cocinarlo a 165°F para eliminar el peligro,3,Food Preparation,Contamination,"La contaminación por vidrio es un peligro físico que no puede hacerse seguro colando, calentando o etiquetando. El alimento debe descartarse inmediatamente.",0,1
95,3-302.11,¿Qué debe hacerse con el alimento que ha sido víctima de abuso de tiempo-temperatura?,Recalentarlo a 165°F para hacerlo seguro nuevamente,Enfriarlo inmediatamente para detener el crecimiento bacteriano adicional,Descartarlo,Servirlo de inmediato antes de que crezcan más bacterias,3,Food Preparation,Contamination,El abuso de tiempo-temperatura significa que las bacterias han tenido la oportunidad de multiplicarse a niveles inseguros. Recalentar o enfriar no hace seguro el alimento nuevamente.,0,2
96,3-202.11,¿Cuál es la temperatura máxima aceptable de recepción para alimentos TCS fríos?,38°F o menos,45°F o menos,41°F o menos,50°F o menos,3,Receiving & Storage,Receiving,El alimento TCS frío debe recibirse a 41°F o menos para asegurar que se ha mantenido fuera de la zona de peligro de temperatura durante el transporte.,0,2
97,3-202.11,¿Cuál es la temperatura máxima aceptable de recepción para los huevos con cáscara?,32°F o menos,50°F o menos,45°F o menos,41°F o menos,3,Receiving & Storage,Receiving,"Los huevos con cáscara pueden recibirse a 45°F o menos, que es ligeramente más alto que otros alimentos TCS según lo permitido por el Código Alimentario de la FDA.",0,2
98,3-202.11,¿Cuál es la temperatura máxima aceptable de recepción para la leche?,32°F o menos,50°F o menos,45°F o menos,41°F o menos,3,Receiving & Storage,Receiving,"La leche debe recibirse a 45°F o menos y luego enfriarse a 41°F dentro de las 4 horas posteriores a la recepción, según las pautas del Código Alimentario de la FDA.",0,2
99,3-202.11,¿Cuál es la condición correcta de recepción para los mariscos vivos?,Deben estar completamente sellados sin olor empacados en hielo,Deben tener una temperatura interna de 32°F o menos,Deben recibirse a una temperatura de aire de 45°F o menos y en hielo,Deben tener una temperatura interna de 41°F o menos,3,Receiving & Storage,Receiving,"Los mariscos vivos deben recibirse a una temperatura de aire de 45°F o menos. Son organismos vivos, por lo que se usa la temperatura del aire como estándar, no la temperatura interna.",0,2
100,3-202.11,¿Cuál es la temperatura máxima aceptable de recepción para el pescado empacado al vacío?,50°F o menos,38°F o menos,41°F o menos,45°F o menos,3,Receiving & Storage,Receiving,El pescado empacado al vacío debe recibirse a 41°F o menos porque el ambiente anaeróbico puede promover el crecimiento de Clostridium botulinum si no se mantiene frío.,0,2
101,3-202.15,¿Qué debe hacer si llega una caja de productos enlatados con latas abolladas?,Almacenarlas por separado e inspeccionar el contenido antes de usar,Abrir cada lata para verificar signos de deterioro,Aceptarlas ya que el contenido puede seguir siendo seguro,Rechazar las latas abolladas,4,Receiving & Storage,Inspection,"Las latas abolladas pueden tener costuras comprometidas que permiten la entrada de bacterias, incluyendo Clostridium botulinum. Deben rechazarse en la recepción.",0,2
102,3-202.15,¿Qué debe hacer si un envío de alimentos llega con empaque hinchado o con fugas?,Aceptarlo y usar el producto rápidamente,Reenvasar los artículos y almacenarlos,Rechazar el envío completo,Inspeccionar el contenido antes de decidir,3,Receiving & Storage,Inspection,El empaque hinchado o con fugas indica posible actividad bacteriana o falla del sello. Estos productos deben rechazarse para prevenir riesgos de seguridad alimentaria.,0,1
103,3-202.15,¿Qué indica la presencia de cristales de hielo grandes en un envío de alimentos congelados?,El alimento es de calidad premium,El alimento fue almacenado a una temperatura inusualmente fría,El alimento fue empacado con hielo extra para protección,El alimento se descongeló y volvió a congelar durante el tránsito,4,Receiving & Storage,Frozen Goods,"Los cristales de hielo grandes indican que el alimento se descongeló y volvió a congelar durante el tránsito, lo cual es señal de abuso de temperatura. El envío debe rechazarse.",0,2
104,3-202.11,El termómetro de un camión de reparto marca 60°F a la llegada. ¿Qué debe hacer?,Inspeccionar cada artículo TCS y rechazar los que excedan las temperaturas seguras,Rechazar solo los productos frescos ya que son los más sensibles a la temperatura,Almacenar todos los artículos inmediatamente y monitorearlos,Aceptar todos los artículos ya que estuvieron en tránsito por poco tiempo,1,Receiving & Storage,Inspection,Una temperatura del camión de 60°F significa que los artículos TCS probablemente han estado en la zona de peligro. Cada artículo TCS debe inspeccionarse y rechazarse si está fuera del rango seguro.,0,3
105,3-202.15,¿Qué debe hacer si el empaque de los alimentos llega con manchas de agua?,Inspeccionar el contenido y aceptar si parece bien,Secar el empaque y almacenar normalmente,Rechazar el envío,Aceptar sin preocupación si el producto está congelado,2,Receiving & Storage,Inspection,"Las manchas de agua en el empaque indican posible fuga o exposición a la humedad durante el tránsito, lo que puede haber comprometido el producto o permitido el crecimiento bacteriano.",0,2
106,3-202.15,¿Qué debe hacer si una caja de productos frescos llega con moho visible?,Rechazar la caja completa,Moverla al congelador para detener el deterioro,Lavar los productos e inspeccionar antes de usar,Recortar las partes mohosas y usar el resto,1,Receiving & Storage,Inspection,"El moho en los productos indica almacenamiento o transporte inadecuado. La caja completa debe rechazarse, ya que el moho puede haberse extendido más allá de las áreas visibles.",0,2
107,3-202.11,¿En qué condición deben recibirse los alimentos congelados?,Ligeramente suaves por fuera pero firmes en el centro,Ligeramente cubiertos con cristales de hielo en la superficie,Ligeramente flexibles para mostrar una gestión adecuada de la cadena de frío,Completamente congelados y sólidos sin signos de descongelación,4,Receiving & Storage,Frozen Goods,"Los alimentos congelados deben recibirse completamente sólidos. Cualquier suavidad, flexibilidad o cristales de hielo grandes sugiere que se descongelaron durante el tránsito y deben rechazarse.",0,2
108,3-202.11,¿Qué debe hacer si un envío de mariscos llega sin etiquetas de mariscos?,Rechazar el envío,Pedir al proveedor que envíe copias de las etiquetas por correo electrónico,Almacenar los mariscos por separado hasta que se proporcionen las etiquetas,Aceptar el envío y tramitar la documentación después,1,Receiving & Storage,Documentation,Las etiquetas de mariscos proporcionan trazabilidad para los brotes de enfermedades. Los envíos sin etiquetas deben rechazarse porque no hay forma de verificar su origen o seguridad.,0,2
109,3-202.18,¿Por cuánto tiempo deben mantenerse archivadas las etiquetas de mariscos después de que se vendió el último marisco de ese contenedor?,30 días,7 días,90 días,1 año,3,Receiving & Storage,Documentation,"Las etiquetas de mariscos deben conservarse por 90 días a partir de la fecha en que se vendió el último marisco del contenedor, para permitir la trazabilidad durante investigaciones de enfermedades.",0,3
110,3-202.11,¿Qué debe hacer si un envío de alimentos llega con sellos de empaque rotos o faltantes?,Rechazar el envío,Aceptar el envío si los artículos están refrigerados,Almacenar los artículos y verificar nuevamente antes de usar,Inspeccionar un artículo y aceptar el resto si parece bien,1,Receiving & Storage,Inspection,"Los sellos rotos indican integridad comprometida del empaque, lo que podría permitir contaminación o indicar manejo inadecuado durante el transporte.",0,2
111,3-202.11,Un camión de reparto tiene un fuerte olor químico al abrirse. ¿Qué debe hacer?,Rechazar todos los alimentos TCS que estuvieron expuestos al ambiente químico,Rechazar solo los productos frescos ya que absorben olores más fácilmente,Almacenar los artículos y monitorear olores extraños después de abrirlos,Aceptar los artículos que estén sellados en empaque original,1,Receiving & Storage,Inspection,Un fuerte olor químico en un camión de reparto sugiere posible contaminación química. Todos los alimentos TCS expuestos a ese ambiente deben rechazarse.,0,3
112,3-202.11,¿Qué debe hacer si un envío de leche llega a 50°F?,Rechazar el envío,Almacenarlo y verificar la temperatura nuevamente en una hora,Aceptarlo ya que está solo ligeramente por encima del límite,Aceptarlo y usarlo solo para cocinar,1,Receiving & Storage,Receiving,La leche debe recibirse a 45°F o menos. Un envío que llega a 50°F excede la temperatura segura de recepción y debe rechazarse.,0,2
113,3-202.11,¿Qué debe hacer si los mariscos vivos llegan con el sello del contenedor roto?,Reenvasarlos en un recipiente sellado,Almacenarlos y usarlos rápidamente,Aceptarlos y monitorear signos de deterioro,Rechazar el envío,4,Receiving & Storage,Receiving,Un sello roto en el empaque de mariscos vivos compromete la contención e integridad de la documentación. El envío debe rechazarse.,0,2
114,3-202.11,¿Qué debe verificar al recibir alimentos congelados?,Que tengan muy pocos cristales de hielo,Que estén completamente congelados y sólidos,Que se sientan fríos al tacto,Que tengan una ligera capa de cristales de hielo en la superficie,2,Receiving & Storage,Frozen Goods,Los alimentos congelados deben recibirse completamente sólidos. Cualquier suavidad o cristales de hielo grandes sugiere abuso de temperatura durante el tránsito.,0,2
115,3-302.11,¿Cuál es la temperatura correcta de almacenamiento para los huevos con cáscara?,32°F o menos,50°F o menos,45°F o menos,41°F o menos,3,Receiving & Storage,Storage,"Los huevos con cáscara deben almacenarse a 45°F o menos de acuerdo con el Código Alimentario de la FDA, que permite una temperatura de almacenamiento ligeramente más alta que la mayoría de los demás alimentos TCS.",0,2
116,5-202.12,¿Qué se requiere para que un lavamanos cumpla con los requisitos del código alimentario?,Solo suministro de agua caliente,Agua corriente caliente y fría,Un pedal accionado con el pie para uso sin manos,Un letrero que indique que es un lavamanos exclusivo,2,Facility & Equipment,Handwashing Sinks,Un lavamanos en cumplimiento debe proporcionar agua corriente caliente y fría para que los manipuladores de alimentos puedan lavarse a la temperatura mínima correcta de 100°F.,0,2
117,5-203.11,¿Para qué debe usarse un lavamanos designado?,Para descongelar alimentos pequeños bajo agua corriente,Para desechar el agua del trapeador durante la limpieza,Para la preparación de alimentos cuando otros fregaderos están ocupados,Solo para lavado de manos,4,Facility & Equipment,Handwashing Sinks,Los lavamanos están designados exclusivamente para el lavado de manos. Usarlos para preparación de alimentos o para verter agua sucia introduce contaminación y bloquea el acceso para la higiene de manos.,0,2
118,5-205.11,¿Qué debe hacer si un lavamanos está bloqueado o siendo usado para almacenamiento?,Eliminar el bloqueo inmediatamente para que el lavamanos sea accesible,Usarlo para almacenamiento ya que ya está bloqueado,Usar otro fregadero en el establecimiento,Ignorarlo hasta la próxima inspección,1,Facility & Equipment,Handwashing Sinks,"Un lavamanos bloqueado impide que los manipuladores de alimentos se laven las manos, lo cual es un control crítico de seguridad alimentaria. El bloqueo debe eliminarse inmediatamente.",0,2
119,6-202.15,¿Cuál es el método principal para evitar que las plagas entren a un establecimiento de alimentos?,"Sellar todas las grietas, ranuras y aberturas del edificio",Almacenar los alimentos en estantes alejados de las paredes,Usar ventiladores en las puertas para crear una barrera de aire,Mantener las luces exteriores apagadas para no atraer insectos,1,Pest Management,Prevention,"Las plagas entran a través de grietas y aberturas en paredes, pisos y puertas. Sellar todas las aberturas es el método principal de prevención de plagas en un establecimiento de alimentos.",0,2
120,6-501.111,¿Cuál es normalmente la primera señal de una infestación de plagas en un establecimiento de alimentos?,Fuertes olores de alimentos provenientes de las áreas de almacenamiento,"Excrementos, marcas de mordidas o materiales de nidificación",Niveles altos de humedad en el edificio,Sonidos inusuales cerca de paredes o equipos,2,Pest Management,Identification,"Los excrementos, las marcas de mordidas y los materiales de nidificación son las señales físicas tempranas más comunes de actividad de plagas e indican una infestación que requiere acción inmediata.",0,2
121,6-501.112,¿Qué debe hacer si se descubren plagas en el establecimiento?,Contactar a un operador de control de plagas con licencia,Cerrar la operación completamente de inmediato,Colocar trampas usted mismo con productos de tienda,Aumentar la frecuencia de limpieza y monitorear la situación,1,Pest Management,Response,Un operador de control de plagas con licencia tiene la capacitación y los productos químicos aprobados para abordar las infestaciones de manera segura y efectiva en un ambiente de servicio de alimentos.,0,2
122,2-102.11,¿Cuál es la responsabilidad de un gerente respecto al reporte de enfermedades de los manipuladores de alimentos?,Monitorear a los empleados y reevaluar los síntomas después de una hora,Permitir que los empleados enfermos trabajen con guantes si los síntomas son leves,Dejar que los empleados decidan si sus síntomas requieren reporte,Establecer procedimientos claros de reporte y tomar acción cuando se reportan síntomas,4,Food Safety Management,Systems,"Los gerentes son responsables de crear y hacer cumplir las políticas de reporte de enfermedades y deben tomar las medidas apropiadas, como la exclusión, cuando el personal reporta síntomas.",0,3
123,2-103.11,¿Cuál es el papel continuo de un gerente en la capacitación en seguridad alimentaria?,Asegurar que todo el personal entienda y aplique consistentemente los procedimientos de seguridad alimentaria,Realizar una sesión de capacitación exhaustiva una vez al año,Administrar exámenes escritos y archivar los resultados,Proporcionar capacitación solo a los empleados recién contratados,1,Food Safety Management,Training,"Los gerentes deben asegurar que todo el personal entienda y aplique consistentemente los procedimientos de seguridad alimentaria. Esta es una responsabilidad continua, no limitada a la orientación de nuevos empleados.",0,2
124,2-103.11,¿Cuál es el propósito del control activo de gestión?,Identificar y prevenir proactivamente los riesgos de seguridad alimentaria antes de que ocurra una enfermedad,Reducir el tiempo dedicado a la capacitación en seguridad alimentaria,Responder rápida y efectivamente después de que ocurra una enfermedad transmitida por alimentos,Documentar el comportamiento de los empleados para evaluaciones de desempeño,1,Food Safety Management,Control,"El control activo de gestión significa identificar y abordar los riesgos de seguridad alimentaria antes de que causen enfermedades, en lugar de responder solo después de que ocurra un problema.",0,3
125,2-103.11,¿Qué es un punto crítico de control (CCP) en un sistema HACCP?,Una guía para las temperaturas de almacenamiento seguras,Una verificación de calidad opcional que puede omitirse cuando hay mucho trabajo,Un cronograma de limpieza usado durante las inspecciones,"Un paso en el proceso de manejo de alimentos donde un peligro puede prevenirse, eliminarse o reducirse a un nivel seguro",4,Food Safety Management,HACCP,"Un punto crítico de control es un paso específico en el manejo de alimentos donde un peligro de seguridad alimentaria puede prevenirse, eliminarse o reducirse a un nivel seguro.",0,2
126,3-401.14,¿Cuál es un ejemplo de adulteración de alimentos?,Sello protector faltante,Empaque aplastado,Empleados manejando alimentos sin guantes,Hamburguesas congeladas cocinadas en la parrilla,1,Time & Temperature,Thawing,Es aceptable descongelar alimentos como parte del proceso de cocción. Las hamburguesas congeladas cocinadas directamente en la parrilla pasan rápidamente por la zona de peligro.,1,2
127,2-901.11,Las superficies que mantienen su condición después del uso repetido se consideran ¿qué?,Costosas,Duraderas,Casi nuevas,Todo lo anterior,2,Food Safety Management,Food Defense,Un sello protector faltante es una señal clave de adulteración deliberada y debe tratarse como una preocupación de defensa alimentaria.,1,3
128,4-101.11,Un empleado no está seguro de cuándo limpiar los estantes del cuarto frío. ¿Qué debe hacer?,Preguntarle a un compañero,Solo limpiarlo,Ambas A y B,Consultar el cronograma maestro de limpieza,4,Facility & Equipment,Materials,Una superficie duradera resiste el desgaste y es más fácil de limpiar.,1,2
129,4-602.11,¿Qué debe hacer el gerente si siente que un producto entregado no fue presentado honestamente?,Asumir que está bien ya que fue entregado,Rechazarlo,Llamar a la FDA,Revisar el cronograma maestro de limpieza,2,Facility & Equipment,Cleaning Schedule,"Cuando hay dudas, es mejor rechazar el producto sospechoso.",1,3
130,3-601.12,Un empleado se puso guantes nuevos y fue al cuarto frío por más producto. ¿Necesita cambiarse los guantes antes de terminar la preparación?,No,Solo si los guantes se rompieron o ensuciaron,No,"Sí, cualquier tarea no relacionada con alimentos requiere cambiar los guantes antes de comenzar una tarea relacionada con alimentos",4,Receiving & Storage,Receiving,Los guantes deben cambiarse cada vez que puedan haber tocado superficies contaminadas como manijas de puertas.,1,2
131,3-304.15,A dos empleados les gusta fumar. ¿Dónde deben hacerlo?,En el área de fumar designada,Fuera de la vista de los clientes,A 100 pies del edificio,Donde no puedan ser vistos,1,Food Preparation,Contamination,Fumar solo está permitido en el área de fumar designada para evitar la contaminación de las manos y la ropa.,1,3
132,2-401.11,¿Qué es un plan de defensa alimentaria?,Un plan que evita que los empleados hagan cross-contamination,Un plan para mantener los alimentos a la temperatura correcta,Un plan que minimiza el riesgo de contaminación intencional,El documento de instrucciones que crea una cultura de seguridad alimentaria,3,Personal Hygiene,Smoking,Un plan de defensa alimentaria describe los pasos para prevenir la contaminación intencional desde la recepción hasta el servicio.,1,2
133,2-901.11,¿Cuándo deben presentarse los planes para una nueva ubicación ante la agencia correspondiente?,Dentro de los 30 días posteriores a la apertura,Después de ser inspeccionado por el departamento de salud,Antes del primer día de apertura,El plan maestro de capacitación para empleados de cocina,3,Food Safety Management,Food Defense,Los planes y especificaciones deben presentarse y aprobarse antes de la apertura para garantizar el cumplimiento.,1,3
134,8-302.11,¿Por qué usan los empleados protectores para el cabello?,Ayudan a mantener el cabello en su lugar,Son una barrera contra el cabello graso,Son parte del uniforme,La mayoría de las agencias dan una ventana de 60 días,4,Facility & Equipment,Plan Review,Los protectores para el cabello evitan que el cabello caiga en los alimentos o sobre las superficies de contacto con alimentos.,1,2
135,2-402.11,Cocinar arroz en este restaurante es esencial. Por lo tanto debe ¿qué?,Cocinarse a 135°F,Cocinarse menos pero con más frecuencia,Cocinarse en grandes cantidades,Descartarse cada 2 horas para que siempre haya producto fresco,1,Cross-Contamination,General,Los protectores para el cabello evitan que el cabello caiga en los alimentos o sobre las superficies de contacto con alimentos.,1,2
136,3-401.11,¿Cuál de estas tareas está aprobada por la seguridad alimentaria?,Agregar agua a un recipiente de productos químicos,Usar una cubeta de autobús para guardar platos sucios,Usar un cubo de sanitizante para contener desengrasante,Usar un hervidor doble para cocinar sopa,2,Food Preparation,Cooking,Los granos y verduras cocinados para mantenimiento en caliente deben alcanzar al menos 135°F.,1,3
137,3-401.11,¿Qué práctica reduce los patógenos en los alimentos?,Cocinar los alimentos a la temperatura correcta,Usar guantes,Almacenar los alimentos en recipientes herméticos,Sanitizar las manos en lugar de usar jabón,1,Time & Temperature,Cooking,Solo la cocción adecuada reduce los patógenos; los guantes y los recipientes evitan la contaminación pero no matan las bacterias.,1,2
138,5-501.13,¿Hay requisitos para un contenedor de basura exterior?,Solo necesitan tener la tapa cerrada,Deben estar limpios y libres de plagas,Deben ser amarillos con una puerta de acceso lateral,Mantenidos detrás de una reja,2,Facility & Equipment,Waste Management,"Los contenedores de basura deben ser duraderos, no absorbentes y tener tapas bien ajustadas. Deben mantenerse cubiertos cuando no se usen y colocarse sobre una superficie lisa no absorbente para prevenir el albergue de plagas.",1,2
139,3-801.11,"Un asilo de ancianos ordena sándwiches con atún, pan de trigo, brotes crudos y aderezo vinagreta. ¿Hay alguna preocupación?",El trigo es un alérgeno conocido,Las poblaciones susceptibles no deben servirse productos crudos,"La vinagreta tiene dos ingredientes principales, posiblemente uno podría ser un alérgeno",No hay preocupaciones,1,Food Preparation,High-Risk Populations,Los brotes crudos no deben servirse a grupos de alto riesgo porque frecuentemente están vinculados a enfermedades transmitidas por alimentos. El trigo es un alérgeno conocido y el aderezo también puede contener alérgenos.,1,2
140,3-602.11,¿Cuál no es un alérgeno alimentario principal?,Leche,Nueces de árbol,Tofu,Frijoles de soya,4,Cross-Contamination,Allergens,"El tofu no es uno de los nueve alérgenos principales. Los nueve alérgenos principales son: leche, huevos, pescado, mariscos, nueces de árbol, maní, trigo, soja y sésamo.",1,3
141,2-103.11,Tres personas se enfermaron comiendo el mismo alimento en el mismo restaurante el mismo día. ¿Es esto un brote?,No,Sí — dos o más personas se considera un brote,Sí — incluso si una persona se enferma se considera un brote,"No, deben ser personas diferentes en días diferentes",2,Food Safety Management,Outbreak,Un brote se define como dos o más personas que experimentan la misma enfermedad después de comer el mismo alimento. Tres personas que se enferman por el mismo alimento en el mismo restaurante califica como un brote.,1,3
142,3-501.16,Al entregar un alimento TCS ¿cómo debe transportarse el alimento caliente?,El alimento caliente no puede transportarse,"En la cajuela, es más caliente ahí",En un recipiente aislado,Solo entregar a corta distancia y el alimento permanecerá por encima de 135°F,3,Time & Temperature,Hot Holding,"Un recipiente aislado mantendrá el alimento caliente por encima de 135°F durante el transporte, evitando que entre en la zona de peligro de temperatura.",1,2
143,3-501.14,¿Cuál es el primer paso para enfriar un asado grande?,Cortarlo en piezas más pequeñas,Pasarlo bajo agua fría,Ponerlo en el cuarto frío pero tapado,Ponerlo en el congelador por 20 minutos,1,Food Preparation,Cooling,"Cortar las piezas grandes de carne en trozos más pequeños aumenta el área de superficie y permite que el producto se enfríe más rápido, ayudando a cumplir con los requisitos de enfriamiento de 2 horas y 6 horas.",1,2
144,2-103.11,"Al capacitar a un empleado en seguridad alimentaria, como gerente usted debe:",Pedir al empleado que explique los procedimientos,Dar al empleado toda su atención por al menos 2 días,Demostrar el procedimiento,Dar retroalimentación inmediata,4,Food Safety Management,Training,ServSafe considera que proporcionar retroalimentación inmediata y específica es la mejor respuesta al capacitar empleados — refuerza el comportamiento correcto de inmediato antes de que se formen malos hábitos.,1,3
145,6-303.11,¿El código de la FDA establece cuál es el estándar mínimo de iluminación para la preparación de alimentos?,100 lúmenes,50 lúmenes,No hay mínimo,75 lúmenes,2,Facility & Equipment,Lighting,El Código Alimentario de la FDA requiere un mínimo de 50 candelas-pie de iluminación en las áreas de preparación de alimentos para garantizar que los manipuladores de alimentos puedan trabajar de manera segura y precisa.,1,3
146,3-202.11,Cuando recibe un aviso de retiro de alimentos ¿qué es lo primero que debe hacer?,Informar a todos los clientes,Tirarlo a la basura,Retirar inmediatamente el alimento del servicio,Cerrar el establecimiento,3,Food Safety Management,Food Defense,"Cuando se recibe un aviso de retiro de alimentos, el primer paso es retirar inmediatamente el alimento retirado del servicio para evitar que llegue a los clientes y cause una enfermedad transmitida por alimentos.",1,2
147,3-501.17,Un alimento ready-to-eat (RTE) debe marcarse con fecha por ¿cuántas horas si no se sirve inmediatamente?,24 horas en el refrigerador,12 horas en el refrigerador,"Descartarlo, si no se sirve de inmediato",4 horas,1,Receiving & Storage,Date Marking,"Si bien 4 horas es el límite de tiempo-temperatura para los alimentos TCS, la respuesta correcta de ServSafe es marcar con fecha el alimento RTE por 24 horas y refrigerarlo si no se sirve inmediatamente.",1,3
148,3-304.14,¿Dónde deben almacenarse los trapos de sanitización?,Lejos de los productos químicos,Solo en áreas de preparación de alimentos,Junto al fregadero de lavado de platos,En solución sanitizante,4,Cleaning & Sanitizing,Sanitizer Use,"Los trapos de sanitización deben almacenarse en solución sanitizante cuando no se usan. Dejarlos fuera permite que el sanitizante se evapore, haciéndolos inefectivos.",1,2
149,7-101.11,¿Todo producto químico en el establecimiento debe?,Ser parte del plan maestro de limpieza,Tener una hoja de datos de seguridad,Tener asignado un punto crítico de control (CCP),Solo ser accesible para los gerentes,2,Cleaning & Sanitizing,Chemical Safety,Cada producto químico usado en un establecimiento de alimentos debe tener una Hoja de Datos de Seguridad (SDS) que sea fácilmente accesible para todos los empleados en todo momento.,1,2
150,7-102.11,¿Las hojas de datos de seguridad incluyen?,Información de garantía,El tipo de recipiente para almacenarlo,Equipo de protección personal (PPE),Alérgenos,3,Cleaning & Sanitizing,Chemical Safety,Las hojas de datos de seguridad son documentos de seguridad y uso correcto. Incluyen los requisitos de Equipo de Protección Personal (PPE) para garantizar que los empleados manejen los productos químicos de manera segura.,1,2
151,2-301.14,"Dado que el vapeo se hizo más popular, ¿qué deben hacer los empleados después de vapear?",Lavarse las manos,Guardar el vapeador,Aplicar un sanitizante antes de volver al trabajo,Usar desinfectante de manos en lugar de lavarse,1,Personal Hygiene,Handwashing,Vapear es una tarea no relacionada con alimentos. Los empleados deben lavarse las manos antes de volver al manejo de alimentos — el desinfectante de manos solo no es un sustituto aceptable.,1,1
152,4-602.11,¿Los utensilios para el servicio deben limpiarse y sanitizarse?,Cada 6 horas,Cada 4 horas,Solo necesitan limpiarse una vez al día o cuando estén sucios,No hay necesidad — solo tírelos,2,Cleaning & Sanitizing,Utensil Storage,Los utensilios en uso y las superficies de contacto con alimentos deben limpiarse y sanitizarse al menos cada 4 horas durante el uso continuo para prevenir el crecimiento bacteriano.,1,1
153,2-501.11,"Un cliente vomita en el comedor, ¿qué debe suceder primero?",Desinfectar con sanitizante,Llamar al departamento de salud,Atender al cliente,Aislar el área inmediatamente,4,Food Safety Management,Response,ServSafe trata el vómito como un posible peligro de Norovirus. El área debe aislarse inmediatamente antes de cualquier limpieza u otros pasos para evitar la cross-contamination.,1,3
154,5-202.13,¿Qué es una brecha de aire?,El espacio entre el tubo de drenaje y el desagüe del piso,La distancia entre el fregadero y el drenaje,Un dispositivo que evita que las moscas entren al cuarto frío cuando se abre la puerta,La profundidad del desagüe del piso,1,Facility & Equipment,Plumbing,Una brecha de aire es el espacio entre un tubo de drenaje y el borde del desagüe. Previene la contaminación por reflujo asegurando que el agua contaminada no pueda sifonarse de vuelta al suministro de agua potable.,1,3
155,5-202.14,¿Qué es una conexión cruzada?,Cuando dos tuberías están conectadas entre sí,Cuando el alimento crudo entra en contacto con alimentos ready-to-eat,Un enlace directo entre agua segura y no segura,Cuando hay dos caminos para que fluya el agua (como rociador y caño usando la misma tubería),3,Facility & Equipment,Plumbing,Una conexión cruzada es un enlace directo entre un suministro de agua potable segura y una fuente contaminada. Se utilizan dispositivos de prevención de reflujo como brechas de aire o válvulas de retención para prevenirlas.,1,3
156,4-601.11,"¿Los pisos, estantes y paredes deben limpiarse?",Según sea necesario,Una vez al día,Según las instrucciones,Mensualmente,1,Facility & Equipment,Cleaning Schedule,"Los pisos, estantes y paredes deben limpiarse según sea necesario. Los pisos pueden requerir limpieza varias veces al día, mientras que los estantes y las paredes pueden necesitarlo semanalmente o mensualmente según el uso.",1,1
