ID,DOT,Question,Answer1,Answer2,Answer3,Answer4,CorrectAnswer,Category,Subcategory,Explanation,MustInclude,Difficulty
1,3-501.16,¿Cuál es la temperatura interna mínima para mantener caliente los alimentos TCS?,125°F,130°F,140°F,135°F,4,Time & Temperature,Hot Holding,Los alimentos TCS deben mantenerse a 135°F o más para permanecer fuera de la zona de peligro de temperatura donde las bacterias se multiplican rápidamente.,0,2
2,3-501.14,¿Con qué rapidez debe enfriarse el alimento de 135°F a 70°F?,En 1 hora,En 2 horas,En 4 horas,En 3 horas,2,Time & Temperature,Cooling,La primera etapa de enfriamiento requiere que el alimento baje de 135°F a 70°F en 2 horas para limitar el crecimiento bacteriano.,0,2
3,3-501.14,"Después de alcanzar 70°F, ¿cuánto tiempo tiene para enfriar el alimento a 41°F?",3 horas,4 horas,2 horas,6 horas,2,Time & Temperature,Cooling,"Después de alcanzar 70°F, el alimento debe llegar a 41°F o menos en las próximas 4 horas, completando la ventana total de enfriamiento de 6 horas.",0,2
4,3-501.18,¿Cuánto tiempo puede conservarse un alimento TCS refrigerado a 41°F o menos?,3 días,5 días,10 días,7 días,4,Time & Temperature,Cold Holding,Los alimentos TCS listos para comer conservados a 41°F o menos pueden guardarse hasta 7 días antes de desecharse.,0,3
5,3-501.19,¿Cuánto tiempo puede conservarse un alimento frío sin control de temperatura si comienza a 41°F o menos?,8 horas,4 horas,2 horas,6 horas,4,Time & Temperature,Time as Control,Un alimento frío que comienza a 41°F o menos puede mantenerse sin control de temperatura hasta 6 horas siempre que no supere los 70°F.,0,2
6,3-501.17,¿Qué debe incluir un alimento TCS listo para comer con fecha marcada?,El nombre del empleado que lo preparó,La ubicación en el estante,La fecha de uso,La fecha en que fue preparado,3,Time & Temperature,Date Marking,El marcado de fecha requiere una fecha de uso para que el personal sepa el último día seguro para servir el alimento y evitar servir productos vencidos.,0,2
7,3-401.11,¿Cuál es la temperatura interna mínima de cocción para aves de corral?,165°F por 15 segundos,150°F por 15 segundos,145°F por 15 segundos,155°F por 15 segundos,1,Time & Temperature,Cooking,Las aves de corral deben alcanzar 165°F durante al menos 15 segundos para destruir la Salmonella y otros patógenos comunes en pollo y pavo.,0,3
8,3-401.11,¿Cuál es la temperatura interna mínima de cocción para carne molida?,165°F por 15 segundos,150°F por 15 segundos,155°F por 15 segundos,145°F por 15 segundos,3,Time & Temperature,Cooking,La carne molida debe alcanzar 155°F por 15 segundos porque al molerla se distribuyen los patógenos superficiales por todo el producto.,0,3
9,3-401.11,¿Cuál es la temperatura interna mínima de cocción para mariscos?,165°F por 15 segundos,150°F por 15 segundos,155°F por 15 segundos,145°F por 15 segundos,4,Time & Temperature,Cooking,Los mariscos deben alcanzar 145°F por 15 segundos para destruir patógenos como el Vibrio y parásitos comunes en pescados y mariscos.,0,3
10,3-403.11,¿Qué debe hacer si el alimento recalentado no alcanza 165°F en 2 horas?,Mantenerlo a 135°F y monitorearlo de cerca,Recalentarlo nuevamente a 165°F,Desecharlo y preparar alimento fresco,Reducir la porción y volver a intentarlo,2,Time & Temperature,Reheating,"Si el recalentamiento se detiene, debe recalentarlo nuevamente a 165°F. Mantenerlo a 135°F o desecharlo no son respuestas correctas.",0,2
11,3-501.15,¿Cuál es el mejor método para enfriar grandes lotes de sopa?,Dejarla en el mostrador hasta que deje de humear,Usar un baño de hielo y remover con frecuencia,Colocar la olla tapada directamente en el cuarto frío,Dividir en porciones más pequeñas y refrigerar sin tapar,2,Time & Temperature,Cooling,"Un baño de hielo combinado con agitación elimina rápidamente el calor de todas las partes de la sopa, ayudándola a enfriarse a través de la zona de peligro.",0,2
12,3-501.16,¿Cuánto tiempo máximo puede mantenerse caliente un alimento TCS por debajo de 135°F antes de desecharlo?,8 horas,6 horas,2 horas,4 horas,4,Time & Temperature,Hot Holding,El alimento TCS caliente que cae por debajo de 135°F entra a la zona de peligro. Debe desecharse después de 4 horas acumuladas en la zona de peligro.,0,2
13,3-501.16,¿Qué debe hacer si el alimento en mantenimiento caliente cae a 120°F?,Servirlo de inmediato antes de que se enfríe más,Recalentarlo a 165°F por 15 segundos antes de devolverlo al mantenimiento,Removerlo y continuar manteniéndolo a la temperatura actual,Agregar agua caliente a la bandeja para elevar la temperatura,2,Time & Temperature,Hot Holding,El alimento que ha caído a 120°F debe recalentarse a 165°F por 15 segundos antes de devolverlo al mantenimiento caliente. Agregar agua caliente o remover no es suficiente.,0,2
14,3-401.11,¿Cuál es la temperatura interna mínima de cocción para carne rellena?,165°F por 15 segundos,155°F por 15 segundos,145°F por 15 segundos,150°F por 15 segundos,1,Time & Temperature,Cooking,La carne rellena requiere 165°F porque el relleno puede albergar patógenos de la carne cruda que la rodea y debe alcanzar la misma temperatura que las aves.,0,3
15,3-401.11,¿Cuál es la temperatura interna mínima de cocción para carnes inyectadas?,150°F por 15 segundos,155°F por 15 segundos,145°F por 15 segundos,165°F por 15 segundos,2,Time & Temperature,Cooking,"Las carnes inyectadas requieren 155°F porque el proceso de inyección lleva los patógenos superficiales al interior de la carne, igual que ocurre al molerla.",0,3
16,3-401.11,¿Cuál es la temperatura interna mínima de cocción para huevos cocinados y servidos de inmediato?,165°F por 15 segundos,155°F por 15 segundos,135°F por 15 segundos,145°F por 15 segundos,4,Time & Temperature,Cooking,"Los huevos cocinados y servidos de inmediato deben alcanzar 145°F por 15 segundos, lo que destruye la Salmonella mientras permite una yema ligeramente líquida si se desea.",0,3
17,3-401.11,¿Cuál es la temperatura interna mínima de cocción para huevos en mantenimiento para servicio?,155°F por 15 segundos,165°F por 15 segundos,145°F por 15 segundos,135°F por 15 segundos,1,Time & Temperature,Cooking,Los huevos en mantenimiento para servicio requieren 155°F porque permanecerán en equipos de mantenimiento en lugar de servirse inmediatamente después de cocinarse.,0,3
18,3-401.11,¿Cuál es la temperatura interna mínima de cocción para cortes enteros de res?,165°F por 15 segundos,155°F por 15 segundos,145°F por 15 segundos,135°F por 15 segundos,3,Time & Temperature,Cooking,"Los cortes enteros de res deben alcanzar 145°F por 15 segundos. Dado que los patógenos están principalmente en la superficie y el interior permanece intacto, esta temperatura es suficiente.",0,3
19,3-401.11,¿Cuál es la temperatura interna mínima de cocción para asados de res?,145°F mantenida por 4 minutos,155°F por 15 segundos,165°F por 15 segundos,135°F por 15 segundos,1,Time & Temperature,Cooking,Los asados pueden cocinarse a 145°F pero deben mantenerse a esa temperatura durante 4 minutos para asegurar que el calor penetre el interior denso y destruya los patógenos.,0,3
20,3-401.11,¿Cuál es la temperatura interna mínima de cocción para animales de caza criados comercialmente?,135°F por 15 segundos,165°F por 15 segundos,155°F por 15 segundos,145°F por 15 segundos,3,Time & Temperature,Cooking,"Los animales de caza criados comercialmente requieren 155°F por 15 segundos debido a la posible contaminación por patógenos durante el procesamiento, similar a la carne molida.",0,3
21,3-401.11,¿Cuál es la temperatura interna mínima de cocción para frutas y verduras cocinadas para mantenimiento caliente?,135°F,165°F,155°F,145°F,1,Time & Temperature,Cooking,"Las frutas y verduras cocinadas para mantenimiento caliente deben alcanzar 135°F, lo que destruye patógenos que pueden crecer en productos frescos mientras preserva la calidad del alimento.",0,2
22,3-501.14,¿Cuál es el requisito de enfriamiento en dos etapas para alimentos TCS?,"135°F a 70°F en 4 horas, luego a 41°F en 2 horas","135°F a 70°F en 3 horas, luego a 41°F en 3 horas más","135°F a 70°F en 2 horas, luego a 41°F en 4 horas más",135°F a 41°F en un total de 6 horas,3,Time & Temperature,Cooling,"El requisito de enfriamiento en dos etapas es 135°F a 70°F en 2 horas, luego de 70°F a 41°F en las siguientes 4 horas, para un tiempo total de enfriamiento de 6 horas.",0,3
23,3-501.14,¿Qué debe hacer si el alimento no se ha enfriado de 135°F a 70°F en 2 horas?,Moverlo al congelador para acelerar el enfriamiento,Transferirlo a una bandeja más plana y continuar enfriando,Continuar enfriando y verificar nuevamente en 30 minutos,Recalentarlo a 165°F y reiniciar el proceso de enfriamiento,4,Time & Temperature,Cooling,"Si la primera etapa de enfriamiento falla, el alimento debe recalentarse a 165°F y reiniciarse el proceso. Continuar enfriando alimento inseguro no es aceptable.",0,2
24,3-501.15,¿Cuál es el mejor tipo de recipiente para enfriar alimento caliente rápidamente?,Una olla honda y tapada,Una bandeja poco profunda con gran superficie,Un recipiente plástico sellado,Una bandeja de hotel estándar con tapa,2,Time & Temperature,Cooling,"Las bandejas poco profundas tienen una gran relación superficie-volumen, lo que permite que el calor escape más rápido y ayuda al alimento a enfriarse a través de la zona de peligro.",0,2
25,3-501.15,¿Cuál es el método correcto para enfriar alimento en bandejas poco profundas?,Colocarlas tapadas en el estante superior,Apilarlas para ahorrar espacio en el enfriador,Colocarlas destapadas en el enfriador para permitir que el calor escape,Envolverlas herméticamente con plástico para evitar contaminación,3,Time & Temperature,Cooling,Las bandejas poco profundas colocadas destapadas en el enfriador permiten que el calor escape desde una gran superficie y que el aire frío circule alrededor del alimento.,0,2
26,3-501.14,¿Cuál es el mejor método para enfriar rápidamente una olla grande de chile?,Agregar agua fría directamente a la olla para bajar la temperatura,Dejarlo destapado a temperatura ambiente hasta que deje de humear,Usar una paleta de hielo y colocar la olla en un baño de hielo,Dividir en recipientes más pequeños tapados y refrigerar,3,Time & Temperature,Cooling,"Una paleta de hielo agitada en el chile, combinada con un baño de hielo alrededor del recipiente, elimina el calor del centro y el exterior simultáneamente.",0,3
27,3-501.16,¿Cuántas horas acumuladas puede un alimento TCS frío permanecer por encima de 41°F antes de desecharse?,6 horas,8 horas,2 horas,4 horas,4,Time & Temperature,Cold Holding,El alimento TCS frío que sube por encima de 41°F entra a la zona de peligro de temperatura y debe desecharse después de un total acumulado de 4 horas en ese rango.,0,2
28,3-501.16,Se encuentra un alimento frío a 50°F. ¿Qué debe hacer?,Desecharlo a menos que pueda confirmar que ha estado por encima de 41°F durante menos de 4 horas,Transferirlo de inmediato a una unidad más fría,Servirlo de inmediato antes de que se caliente más,Agregar hielo para bajar la temperatura y continuar manteniendo,1,Time & Temperature,Cold Holding,"El alimento frío a 50°F ha estado en la zona de peligro. A menos que pueda confirmar que ha estado allí menos de 4 horas en total, debe desecharlo.",0,2
29,3-501.19,¿Qué debe hacerse cuando se mantiene alimento frío sin control de temperatura?,Mantenerlo tapado en todo momento para ralentizar el calentamiento,Etiquetarlo con la hora en que debe desecharse,Removerlo cada hora para distribuir la temperatura,Agregar hielo cada 2 horas para mantener la seguridad,2,Time & Temperature,Time as Control,"Al usar el tiempo como control, el alimento frío debe etiquetarse con la hora en que debe desecharse para que el personal pueda rastrear el máximo de 6 horas.",0,2
30,3-501.16,"Al usar el tiempo como control de salud pública para alimento caliente, ¿cuál es el tiempo máximo permitido de mantenimiento?",8 horas,4 horas,6 horas,2 horas,2,Time & Temperature,Time as Control,"Al usar el tiempo como control de salud pública para alimento caliente, el tiempo máximo permitido es 4 horas, después de lo cual el alimento debe desecharse.",0,2
31,3-501.16,El alimento en mantenimiento caliente ha estado por debajo de 135°F durante más de 4 horas acumuladas. ¿Qué debe hacer?,Servirlo de inmediato para terminar el lote,Agregar agua caliente para elevar la temperatura,Recalentarlo a 165°F y devolverlo a la mesa de vapor,Desecharlo,4,Time & Temperature,Hot Holding,El alimento que ha estado por debajo de 135°F durante más de 4 horas acumuladas ha superado el límite de tiempo seguro en la zona de peligro y debe desecharse.,0,2
32,3-501.17,¿Cuál es la temperatura correcta de recepción para alimentos TCS fríos?,32°F o menos,41°F o menos,50°F o menos,45°F o menos,2,Time & Temperature,Date Marking,Los alimentos TCS fríos deben recibirse a 41°F o menos para asegurar que se hayan mantenido fuera de la zona de peligro de temperatura durante el transporte.,0,2
33,3-302.11,¿Dónde deben almacenarse las aves de corral crudas en un cuarto frío?,En el estante más bajo por debajo de todos los demás alimentos,Junto a la carne de res cruda en el mismo estante,Encima de los mariscos crudos,En el estante del medio alejado de los productos frescos,1,Cross-Contamination,Storage Order,Las aves de corral crudas se almacenan en el estante más bajo porque tienen la temperatura de cocción más alta requerida y representan el mayor riesgo de contaminación cruzada si gotean.,0,2
34,3-302.11,¿Cuál es el orden correcto de almacenamiento en el refrigerador de arriba a abajo?,Cortes enteros > Mariscos > Carne molida > Listos para comer > Aves,Listos para comer > Mariscos > Cortes enteros > Carne molida > Aves,Carne molida > Aves > Cortes enteros > Mariscos > Listos para comer,Mariscos > Cortes enteros > Carne molida > Aves > Listos para comer,2,Cross-Contamination,Storage Order,Los alimentos se almacenan según la temperatura mínima de cocción requerida con los listos para comer arriba y las aves abajo para evitar que los artículos de mayor riesgo goteen sobre los de menor riesgo.,0,3
35,3-302.11,¿Qué tabla de cortar debe usarse para el pollo crudo?,Una tabla designada solo para aves,Una tabla usada solo para proteínas crudas,Cualquier tabla limpia y sanitizada,Una tabla que no se haya usado en ese turno,1,Cross-Contamination,Equipment Use,Una tabla de cortar dedicada a las aves evita que los patógenos del pollo crudo contaminen productos frescos o alimentos listos para comer preparados en la misma superficie.,0,3
36,3-304.11,¿Cuál de los siguientes es un ejemplo de contaminación cruzada?,Enjuagarse los guantes entre tareas en lugar de cambiarlos,Usar tablas de cortar codificadas por colores para diferentes alimentos,Almacenar carne cruda debajo de los alimentos listos para comer,Usar las mismas pinzas para pollo crudo y cocinado,4,Cross-Contamination,General,"Usar las mismas pinzas para pollo crudo y cocinado transfiere directamente patógenos a alimentos que no se cocinarán nuevamente, lo cual es contaminación cruzada.",0,2
37,3-304.11,¿Cuál de los siguientes es un ejemplo de prevención de contaminación cruzada?,Usar los mismos guantes para todas las tareas para ahorrar tiempo,Almacenar carne cruda en el estante encima de ensaladas listas para comer,Usar una tabla de cortar para todos los alimentos y sanitizarla entre usos,Usar equipo separado para alimentos crudos y listos para comer,4,Cross-Contamination,General,El equipo dedicado para alimentos crudos versus listos para comer garantiza que los patógenos de productos crudos nunca entren en contacto con alimentos servidos sin cocción adicional.,0,2
38,3-304.14,¿Con qué frecuencia deben analizarse los cubos de sanitizante durante el día?,Solo cuando la solución se vea turbia o descolorida,Una vez al abrir y una vez al cerrar,Regularmente durante el turno para mantener la concentración adecuada,Solo al inicio de cada turno,3,Cross-Contamination,Sanitizer Use,La solución sanitizante se degrada con el tiempo y el uso. La verificación regular con tiras reactivas garantiza que mantenga la concentración necesaria para eliminar patógenos eficazmente.,0,2
39,3-304.14,¿Con qué frecuencia deben reemplazarse los paños almacenados en solución sanitizante?,Cada 2 horas en un horario fijo,Cada hora independientemente de su estado,Al inicio de cada nueva tarea,Cuando la solución se ensucie o pierda concentración,4,Cross-Contamination,Sanitizer Use,La solución sanitizante pierde efectividad cuando se ensucia o se diluye. Los paños deben moverse a solución fresca para mantener la fuerza sanitizante adecuada.,0,2
40,3-304.14,¿Qué debe hacerse con un paño usado para limpiar un derrame de carne cruda?,Continuar usándolo ya que ya está sucio,Guardarlo en el cubo de sanitizante y usarlo en otras superficies,Enjuagarlo bien y devolverlo al cubo de sanitizante,Lavarlo o desecharlo - no reutilizarlo en otras superficies,4,Cross-Contamination,Sanitizer Use,Los paños usados en derrames de carne cruda están muy contaminados y deben lavarse o desecharse. Enjuagarlos o guardarlos en sanitizante no los hace seguros para otras superficies.,0,2
41,3-302.12,¿Cuál es la manera correcta de manejar alérgenos durante la preparación de alimentos?,Lavarse las manos entre tareas con y sin alérgenos,Usar equipo separado dedicado a artículos sin alérgenos,Usar guantes al manipular ingredientes con alérgenos,Preparar artículos sin alérgenos en una superficie recién sanitizada,2,Cross-Contamination,Allergens,El contacto cruzado con alérgenos puede ocurrir incluso con cantidades mínimas. El equipo separado evita que las proteínas alérgenas lleguen a comidas destinadas a ser libres de alérgenos.,0,2
42,3-302.11,¿Cuándo deben prepararse las comidas sin alérgenos?,"Primero, antes de manipular cualquier alimento con alérgenos, o por separado con equipo dedicado",Durante los períodos más tranquilos cuando la cocina está menos ocupada,"Al último, para poder limpiar el equipo dedicado después",Después de completar todos los demás pedidos,1,Cross-Contamination,Allergens,"Las comidas sin alérgenos deben prepararse primero, antes de manipular alimentos con alérgenos, o por separado usando equipo dedicado para evitar el contacto cruzado.",0,2
43,3-602.11,¿Qué debe incluirse en un alimento envasado que contiene alérgenos?,Una declaración que enumere los alérgenos que contiene,El nombre del empleado que lo preparó,Las instrucciones de almacenamiento del artículo,La fecha y hora de preparación,1,Cross-Contamination,Allergens,Una declaración de alérgenos en alimentos envasados es obligatoria para que los clientes con alergias alimentarias puedan hacer elecciones informadas y seguras.,1,2
44,3-302.11,¿Cuál de los siguientes alimentos es uno de los nueve alérgenos principales reconocidos por la FDA?,Maíz,Tomates,Ajo,Cacahuates,4,Cross-Contamination,Allergens,Los cacahuates son uno de los nueve alérgenos alimentarios principales reconocidos por la FDA y se encuentran entre las causas más comunes de reacciones anafilácticas severas.,0,2
45,3-302.11,¿Qué alimento es más probable que cause una reacción alérgica severa?,Nueces de árbol,Arroz blanco,Ejotes,Zanahorias,1,Cross-Contamination,Allergens,Las nueces de árbol son uno de los nueve alérgenos alimentarios principales y se encuentran entre las causas más comunes de reacciones alérgicas potencialmente mortales.,0,2
46,3-302.11,¿Cómo deben almacenarse los ingredientes con alérgenos?,Separados de otros ingredientes y claramente etiquetados,En el estante más bajo para evitar goteos,Junto a otros ingredientes para ahorrar espacio,Junto a proteínas crudas para fácil identificación,1,Cross-Contamination,Allergens,Los ingredientes con alérgenos almacenados por separado y claramente etiquetados evitan el uso accidental en platos sin alérgenos y permiten al personal identificarlos rápidamente.,0,2
47,3-304.11,¿Cuál de las siguientes opciones previene mejor el contacto cruzado con alérgenos?,Usar utensilios separados dedicados a la preparación de comidas sin alérgenos,Preparar primero los platos con alérgenos,Lavar los utensilios entre tareas con y sin alérgenos,Almacenar los alérgenos con otros ingredientes en el mismo estante,1,Cross-Contamination,Allergens,Usar utensilios separados para comidas sin alérgenos evita que las proteínas alérgenas se transfieran a alimentos que el cliente cree que son seguros para su alergia.,0,1
48,3-304.15,¿Cuándo deben cambiarse los guantes de uso único?,Solo cuando estén visiblemente rotos o sucios,"Después de manipular carne cruda, tocar superficies no alimentarias, o después de uso prolongado",Después de cada 30 minutos de uso continuo,Después de completar cada tarea individual,2,Cross-Contamination,Glove Use,"Los guantes deben cambiarse después de manipular carne cruda, después de tocar superficies no alimentarias, y después de uso prolongado para evitar transferir contaminación.",0,2
49,3-304.15,¿Cuándo deben cambiar sus guantes los manipuladores de alimentos?,Solo al pasar de proteínas crudas a productos frescos,Solo después de 4 horas de uso continuo,Al cambiar entre tareas que involucran diferentes alimentos o superficies,Solo cuando los guantes estén visiblemente sucios,3,Cross-Contamination,Glove Use,"Los guantes deben cambiarse al cambiar de tarea, después de uso prolongado, y después de tocar superficies no alimentarias. Las tres situaciones requieren guantes nuevos.",0,2
50,3-302.11,¿Dónde deben almacenarse los productos químicos en una instalación de servicio de alimentos?,En el estante superior encima de los productos secos,En un área designada lejos de todos los alimentos y equipos de contacto con alimentos,Junto al equipo de limpieza para fácil acceso,Debajo de la mesa de preparación cuando no se usen,2,Cross-Contamination,Chemical Safety,Los productos químicos deben almacenarse lejos de todos los alimentos y equipos de contacto con alimentos para evitar la contaminación química accidental.,0,2
51,3-302.11,¿Qué debe hacerse si se encuentran productos químicos almacenados cerca de alimentos?,Dejarlos si los recipientes están sellados,Almacenarlos en el estante superior del área de productos secos,Moverlos de inmediato a un área de almacenamiento designada lejos de los alimentos,Colocarlos debajo de la mesa de preparación fuera del camino,3,Cross-Contamination,Chemical Safety,"Los productos químicos almacenados cerca de alimentos representan un riesgo de contaminación incluso cuando están sellados, debido a derrames, fugas o identificación errónea.",0,2
52,2-301.12,¿Cuánto tiempo deben frotarse las manos durante el lavado?,30 a 60 segundos,20 a 30 segundos,10 a 15 segundos,5 a 8 segundos,3,Personal Hygiene,Handwashing,Frotar durante 10 a 15 segundos con jabón crea suficiente fricción para eliminar patógenos y suciedad de las manos y entre los dedos.,0,2
53,2-301.14,¿Cuándo deben lavarse las manos los manipuladores de alimentos?,Solo después de usar el baño,Después de cada tarea individual durante un turno,"Después de usar el baño, tocar carne cruda, y antes de ponerse guantes",Solo al moverse entre áreas de alimentos crudos y cocinados,3,Personal Hygiene,Handwashing,"El lavado de manos es obligatorio después de usar el baño, antes de ponerse guantes, y después de tocar carne cruda. Las tres son ocasiones obligatorias de higiene de manos.",0,2
54,2-301.12,¿Qué acción requiere que un manipulador de alimentos se lave las manos?,Manipular equipo sucio,Estar parado cerca del área de preparación,Hablar con un compañero de trabajo,Caminar por el comedor,1,Personal Hygiene,Handwashing,"Manipular equipo sucio introduce patógenos en las manos, requiriendo lavado de manos inmediato antes de regresar a la preparación de alimentos.",0,2
55,2-301.12,¿Qué acción requiere lavado de manos?,Tocar una mesa de preparación,Hablar con un compañero que usa mascarilla,Manipular aves de corral crudas,Caminar por el comedor,3,Personal Hygiene,Handwashing,"Manipular aves de corral crudas introduce patógenos en las manos, requiriendo lavado de manos inmediato antes de tocar cualquier otra superficie o alimento.",0,1
56,2-301.13,¿Cuál es la temperatura mínima del agua requerida para el lavado de manos?,Al menos 80°F,Al menos 100°F,Al menos 90°F,Al menos 120°F,2,Personal Hygiene,Handwashing,El agua debe estar al menos a 100°F para eliminar eficazmente aceites y patógenos de la piel durante el lavado de manos adecuado.,0,2
57,2-301.13,¿Cuál es la secuencia correcta para el lavado de manos?,Mojar las manos > Frotar sin jabón > Aplicar jabón > Enjuagar > Secar,Enjuagar > Aplicar jabón > Frotar > Mojar las manos > Secar,Aplicar jabón > Frotar > Mojar las manos > Enjuagar > Secar,Mojar las manos > Aplicar jabón > Frotar 10-15 segundos > Enjuagar > Secar,4,Personal Hygiene,Handwashing,"La secuencia correcta de lavado de manos es: mojar las manos, aplicar jabón, frotar durante 10 a 15 segundos, enjuagar bien, y secar con una toalla de un solo uso o secador de aire.",0,2
58,2-301.15,¿Cuándo es aceptable usar un antiséptico para manos?,Como reemplazo del lavado de manos antes de ponerse guantes,Como complemento después de completar un lavado de manos adecuado,Cuando los lavamanos están ocupados,Cuando las manos no están visiblemente sucias,2,Personal Hygiene,Handwashing,"El antiséptico para manos solo puede usarse después de un lavado de manos adecuado. Es un complemento, no un reemplazo, y no elimina suciedad ni materia orgánica.",0,2
59,2-303.11,¿Qué tipo de joyería está permitida para los manipuladores de alimentos?,Una pulsera de alerta médica,Un anillo de banda simple sin piedras ni engastes,Una pulsera fina de cadena,Una muñequera de silicona,2,Personal Hygiene,Jewelry,"Un anillo de banda simple es la única joyería permitida porque no tiene grietas para atrapar partículas de alimentos o patógenos, a diferencia de pulseras, relojes o anillos con piedras.",0,2
60,2-303.11,¿Por qué un anillo de banda simple es la única joyería que puede usar un manipulador de alimentos?,Es más fácil ponerse guantes con una banda simple,Se ve más profesional en un entorno de cocina,Su superficie lisa es mucho menos probable que albergue bacterias que los anillos con piedras o engastes,Lo requieren la mayoría de los códigos de salud locales,3,Personal Hygiene,Jewelry,"Un anillo de banda simple tiene una superficie lisa sin engastes ni grietas, lo que lo hace mucho menos probable de albergar bacterias en comparación con los anillos ornamentados o con gemas.",0,2
61,2-303.11,¿Por qué está restringida la joyería para los manipuladores de alimentos?,Puede caer en el alimento y causar un peligro físico,Interfiere con ponerse guantes correctamente,Se ve poco profesional en un entorno de servicio de alimentos,Sus ranuras y grietas pueden albergar patógenos que el lavado de manos no puede eliminar completamente,4,Personal Hygiene,Jewelry,"La joyería tiene ranuras y grietas que atrapan humedad, partículas de alimentos y patógenos, haciendo imposible el lavado de manos exhaustivo y aumentando el riesgo de contaminación.",0,2
62,2-201.11,¿Cuándo debe excluirse a un manipulador de alimentos de la operación?,Cuando se le diagnostica Norovirus,Cuando tiene dolor de garganta leve,Cuando tiene un corte infectado en el dedo,Cuando se siente cansado después de un turno largo,1,Personal Hygiene,Illness,Un diagnóstico de Norovirus requiere la exclusión de la operación porque es una enfermedad altamente contagiosa que puede transmitirse a través de la manipulación de alimentos.,0,2
63,2-201.11,¿Qué síntoma requiere que un manipulador de alimentos sea excluido de la operación?,Fatiga,Ictericia,Dolor de cabeza,Dolor de garganta sin fiebre,2,Personal Hygiene,Illness,"La ictericia es un síntoma de Hepatitis A, una enfermedad transmitida por alimentos altamente contagiosa que requiere exclusión inmediata de la operación y notificación a la autoridad de salud.",0,2
64,2-201.12,¿Qué debe hacer un gerente si un manipulador de alimentos reporta vómitos en el trabajo?,Monitorear sus síntomas y reevaluar después de una hora,Reasignarlo a tareas de limpieza lejos de alimentos abiertos,Excluirlo completamente de la operación,Hacer que use guantes y mascarilla y continúe trabajando,3,Personal Hygiene,Illness,Los vómitos son un síntoma de posible enfermedad transmitida por alimentos y requieren exclusión total. Reasignar a tareas no alimentarias no es suficientemente seguro para este síntoma.,0,1
65,2-201.12,¿Qué debe hacer un gerente cuando a un manipulador de alimentos se le diagnostica Hepatitis A?,Permitirle trabajar con guantes y mascarilla,Notificar a la autoridad regulatoria y excluir al manipulador de alimentos,Reasignarlo solo a tareas no alimentarias,Hacer que use mascarilla y monitorear síntomas diariamente,2,Personal Hygiene,Illness,La Hepatitis A es una enfermedad de notificación obligatoria. El gerente debe notificar a la autoridad regulatoria de inmediato y excluir al manipulador de alimentos de la operación.,0,2
66,2-401.11,¿Qué debe hacer un manipulador de alimentos si está experimentando tos y estornudos?,Trabajar solo en áreas lejos de alimentos abiertos,Quedarse en casa o ser reasignado lejos de la manipulación de alimentos,Usar guantes y mascarilla mientras trabaja,Aumentar la frecuencia del lavado de manos durante el turno,2,Personal Hygiene,Illness,La tos y los estornudos pueden esparcir patógenos respiratorios a los alimentos. Un manipulador de alimentos con estos síntomas debe quedarse en casa o ser reasignado lejos de los alimentos.,0,2
67,2-401.11,¿Qué debe hacer un manipulador de alimentos con tos persistente?,Aumentar el lavado de manos y el uso de guantes,Trabajar solo con ingredientes crudos que se cocinarán completamente,Usar mascarilla y continuar trabajando,Evitar trabajar directamente con alimentos,4,Personal Hygiene,Illness,Una tos persistente puede esparcir gotitas respiratorias y posibles patógenos a los alimentos y superficies de contacto con alimentos. El manipulador de alimentos no debe trabajar con alimentos.,0,2
68,4-601.11,¿Qué debe hacerse con una tabla de cortar que tiene ranuras o cortes profundos?,Remojarla en solución sanitizante durante la noche,Sanitizarla con mayor frecuencia para compensar,Reservarla solo para productos secos,Reemplazarla con una nueva,4,Cleaning & Sanitizing,Equipment,Las ranuras profundas atrapan alimentos y bacterias que no pueden eliminarse con lavado o sanitización. La tabla debe reemplazarse para mantener una superficie de contacto con alimentos segura.,0,2
69,4-601.11,¿Qué debe hacerse con equipo que no puede limpiarse o sanitizarse adecuadamente?,Usarlo solo durante períodos lentos cuando el riesgo es menor,Reservarlo solo para almacenamiento de productos secos,Retirarlo del servicio,Sanitizarlo con mayor frecuencia para compensar,3,Cleaning & Sanitizing,Equipment,El equipo que no puede limpiarse a fondo alberga bacterias independientemente de la frecuencia de sanitización y debe retirarse del servicio para proteger la seguridad alimentaria.,0,2
70,4-601.11,¿Qué debe hacerse con utensilios almacenados en agua estancada que está por debajo de 135°F?,Moverlos a un área de almacenamiento seco,Recalentar el agua a 165°F y continuar usándolos,Continuar usándolos ya que están sumergidos en líquido,Desechar los utensilios y reemplazarlos con limpios,4,Cleaning & Sanitizing,Utensil Storage,El agua estancada por debajo de 135°F está en la zona de peligro de temperatura y puede albergar bacterias. Los utensilios almacenados de esta manera están contaminados y deben reemplazarse.,0,3
71,4-602.11,¿Con qué frecuencia deben limpiarse y sanitizarse las superficies de contacto con alimentos cuando están en uso continuo?,Cada 4 horas,Cada 2 horas,Una vez por turno,Una vez al día al cierre,1,Cleaning & Sanitizing,Food-Contact Surfaces,Las superficies de contacto con alimentos en uso continuo deben limpiarse y sanitizarse al menos cada 4 horas para evitar la acumulación de bacterias que podrían contaminar los alimentos.,0,2
72,4-602.11,¿Con qué frecuencia deben limpiarse las superficies que no contactan alimentos?,Solo cuando estén visiblemente sucias,En un horario regular para evitar acumulación de grasa y atracción de plagas,Una vez al día al cierre,Cada 4 horas,2,Cleaning & Sanitizing,Non-Food Surfaces,"Las superficies que no contactan alimentos deben limpiarse regularmente según un horario para evitar acumulación de grasa, atracción de plagas y posible contaminación indirecta de alimentos.",0,2
73,4-602.11,¿Con qué frecuencia deben limpiarse y sanitizarse las máquinas de hielo?,Solo cuando haya moho o limo visible,Solo durante las inspecciones del departamento de salud,En un horario regular según las especificaciones del fabricante,Una vez al año durante la temporada baja,3,Cleaning & Sanitizing,Equipment,Las máquinas de hielo deben limpiarse en un horario regular según las instrucciones del fabricante porque el moho y las bacterias pueden acumularse en el interior húmedo.,0,2
74,4-501.114,¿Cuál es el rango de concentración correcto para el sanitizante de cloro?,50 a 99 ppm,200 a 300 ppm,10 a 20 ppm,150 a 200 ppm,1,Cleaning & Sanitizing,Sanitizer,El sanitizante de cloro debe estar entre 50 y 99 ppm para ser efectivo. Demasiado bajo y no sanitizará. Demasiado alto y se convierte en un peligro químico.,0,3
75,4-501.114,¿Cuál es la concentración correcta para el sanitizante de amonio cuaternario?,Siempre 200 ppm,Siempre 50 ppm,Siempre 500 ppm,Según las especificaciones del fabricante,4,Cleaning & Sanitizing,Sanitizer,"La concentración de amonio cuaternario varía según el producto, por lo que siempre deben seguirse las instrucciones del fabricante para garantizar efectividad y seguridad adecuadas.",0,3
76,4-501.114,¿Qué debe hacer si las tiras reactivas de sanitizante muestran que la solución está por debajo de la concentración requerida?,Ajustar la concentración o reemplazar la solución completamente,Agregar más agua para diluir y reestabilizar la solución,Cambiar a agua simple hasta que haya nuevo sanitizante disponible,Usar la solución tal como está ya que aún tiene algo de efectividad,1,Cleaning & Sanitizing,Sanitizer,La concentración baja significa que el sanitizante no eliminará eficazmente los patógenos. La solución debe ajustarse al nivel correcto o reemplazarse completamente.,0,2
77,4-501.114,¿Qué debe hacer si la concentración del sanitizante es demasiado alta?,Cambiar a agua simple para sanitizar,Diluirlo a la concentración correcta antes de usar,Agregar más sanitizante para estabilizar la concentración,Usarlo tal como está ya que un sanitizante más fuerte es más seguro,2,Cleaning & Sanitizing,Sanitizer,El sanitizante con concentración demasiado alta puede dejar residuos químicos dañinos en las superficies de contacto con alimentos. Debe diluirse al nivel correcto antes de usar.,0,2
78,4-703.11,¿Cuál es el paso final en el proceso del fregadero de tres compartimentos?,Enjuagar con agua caliente para eliminar los residuos de sanitizante,Secar los artículos con una toalla limpia de un solo uso,Permitir que los artículos se sequen al aire completamente,Limpiar con un paño fresco de sanitizante,3,Cleaning & Sanitizing,Warewashing,"Después de sanitizar, los artículos deben secarse al aire completamente. Secar a mano con toallas puede recontaminar las superficies y anula el paso de sanitización.",0,2
79,4-703.11,¿Qué debe hacerse después de lavar y enjuagar el equipo en un fregadero de tres compartimentos?,Almacenarlo de inmediato en un lugar limpio y seco,Sanitizarlo y luego permitir que se seque al aire,Secarlo a mano con una toalla limpia de un solo uso,Calentarlo a 165°F para asegurar que los patógenos sean destruidos,2,Cleaning & Sanitizing,Warewashing,"Después de lavar y enjuagar, el equipo debe sanitizarse para eliminar los patógenos restantes y luego dejarse secar al aire completamente antes de almacenarlo o usarlo.",0,2
80,4-703.11,¿Qué se requiere después de sanitizar el equipo de contacto con alimentos?,Permitir que se seque al aire completamente,Calentarlo para asegurar que todos los patógenos sean eliminados,Almacenarlo de inmediato en un gabinete cerrado,Secarlo a mano con una toalla limpia,1,Cleaning & Sanitizing,Equipment,El equipo debe secarse al aire después de sanitizar. Limpiar con una toalla puede reintroducir bacterias en la superficie sanitizada y anular el paso de sanitización.,0,2
81,4-501.112,¿Cuál es la temperatura mínima de enjuague final para una máquina lavaplatos de alta temperatura?,165°F,200°F,150°F,180°F,4,Cleaning & Sanitizing,Warewashing,Una máquina lavaplatos de alta temperatura debe alcanzar 180°F en la superficie de los utensilios durante el enjuague final para asegurar una sanitización efectiva por calor.,0,3
82,4-501.112,¿Cuál es la temperatura mínima del agua de lavado para una máquina lavaplatos de alta temperatura?,120°F,180°F,150°F,200°F,3,Cleaning & Sanitizing,Warewashing,El ciclo de lavado de una máquina lavaplatos de alta temperatura debe alcanzar al menos 150°F para eliminar eficazmente los residuos de alimentos antes del enjuague sanitizante final.,0,3
83,3-302.15,¿Qué debe hacerse antes de cortar o preparar productos frescos?,Enjuagarlos bajo agua corriente limpia,Recortar solo las imperfecciones visibles,Pelarlos antes de lavar para eliminar los contaminantes superficiales,Sanitizarlos con una solución química para alimentos,1,Food Preparation,Produce,"Lavar los productos bajo agua corriente elimina suciedad, pesticidas y patógenos superficiales antes de cortar, lo que de otro modo propagaría contaminantes hacia el interior.",0,2
84,3-302.15,¿Qué debe hacerse con los productos visiblemente echados a perder?,Desecharlos completamente,Recortar las porciones echadas a perder y usar el resto,Congelarlos para detener el deterioro adicional,Lavarlos bien e inspeccionar antes de servir,1,Food Preparation,Produce,"Los productos visiblemente echados a perder deben desecharse completamente. Recortar las áreas dañadas no es suficiente, ya que los patógenos y el moho pueden haberse extendido más allá del daño visible.",0,2
85,3-302.15,"Después de lavar los productos, ¿cómo deben almacenarse?",Mantenidos separados de las proteínas crudas y cubiertos para evitar recontaminación,Colocados junto a las proteínas crudas en el enfriador,Dejados en la mesa de preparación hasta que se necesiten,Almacenados en un recipiente de agua estancada para mantenerlos frescos,1,Food Preparation,Produce,Los productos lavados deben protegerse de la contaminación cruzada almacenándolos lejos de las proteínas crudas y manteniéndolos cubiertos para evitar la recontaminación.,0,2
86,3-302.12,¿Cuál es el método más seguro para descongelar alimentos congelados?,Sumergido en un recipiente de agua tibia estancada,En el mostrador a temperatura ambiente,Bajo agua tibia corriente en el mostrador,En el refrigerador a 41°F o menos,4,Food Preparation,Thawing,"La descongelación en refrigeración mantiene el alimento fuera de la zona de peligro de temperatura durante todo el proceso de descongelación, lo que lo convierte en el método más seguro.",0,2
87,3-302.12,¿Cuál es el método más seguro para descongelar pescado?,En agua tibia en el mostrador,En la mesa de preparación a temperatura ambiente,Bajo refrigeración a 41°F o menos,A la luz solar directa para acelerar el proceso,3,Food Preparation,Thawing,"La descongelación bajo refrigeración mantiene el pescado a una temperatura segura durante todo el proceso de descongelación, evitando el crecimiento bacteriano.",0,2
88,3-302.12,¿Qué método de descongelación es aceptable según el código de alimentos?,En la mesa de preparación a temperatura ambiente,En el microondas si el alimento se cocina de inmediato después,Sumergido en un recipiente de agua estancada,Encima del horno usando el calor residual,2,Food Preparation,Thawing,"La descongelación en microondas es aceptable solo si el alimento se cocina de inmediato después, porque partes del alimento pueden comenzar a cocinarse de manera desigual durante el proceso.",0,2
157,3-401.15,¿Cuál es el límite de tiempo correcto para la etapa inicial de cocción parcial?,Refrigerar por 24 horas antes de terminar la cocción,Cocinar por no más de 60 minutos inicialmente,Servir de inmediato después de la cocción parcial,Mantener a temperatura ambiente hasta que se necesite para el servicio,2,Food Preparation,Partial Cooking,La cocción parcial debe limitarse a no más de 60 minutos para evitar que el alimento pase demasiado tiempo en la zona de peligro de temperatura antes de terminar la cocción.,0,3
90,3-302.11,¿Cómo debe manejarse el hielo usado para bebidas?,Con las manos descubiertas,Con una cuchara para hielo dedicada,Usando un vaso para bebidas como cuchara,Con una toalla o paño limpio,2,Food Preparation,Ice Handling,"El hielo debe manejarse con una cuchara para evitar el contacto con las manos. El hielo es un alimento, y las manos descubiertas o los vasos usados como cucharas introducen contaminación.",0,1
91,3-302.11,¿Qué debe hacerse con los utensilios que se han usado para carne cruda?,Usar utensilios separados para alimentos crudos y listos para comer,Sanitizarlos una vez por turno,Almacenarlos con utensilios limpios después de enjuagarlos,Continuar usándolos si se usan guantes,1,Food Preparation,Utensils,Los utensilios separados para alimentos crudos y listos para comer evitan que los patógenos de los artículos crudos se transfieran a alimentos que no recibirán cocción adicional.,0,2
92,3-302.11,¿Cómo deben manejarse los utensilios usados para comidas sin alérgenos?,Reservarlos para uso con carne cruda para evitar confusión,Sanitizarlos una vez por turno,Mantenerlos completamente separados de todos los demás utensilios,Lavarlos y almacenarlos con todos los demás utensilios,3,Food Preparation,Allergens,"Los utensilios usados para comidas sin alérgenos deben mantenerse completamente separados para evitar el contacto cruzado con alérgenos, que puede desencadenar reacciones graves.",0,2
93,3-302.11,¿Qué debe hacerse con el alimento contaminado por un producto químico?,Enjuagarlo bien bajo agua corriente y servirlo,Cocinarlo a 165°F para neutralizar la contaminación,Desecharlo de inmediato,Etiquetarlo y separarlo para inspección del supervisor,3,Food Preparation,Contamination,La contaminación química no puede corregirse enjuagando o cocinando. El alimento contaminado debe desecharse de inmediato para evitar enfermedades.,0,1
94,3-302.11,¿Qué debe hacerse con el alimento contaminado por vidrio roto?,Etiquetarlo y separarlo para el supervisor,Colar el vidrio y continuar usando el alimento,Desecharlo de inmediato,Cocinarlo a 165°F para eliminar el peligro,3,Food Preparation,Contamination,"La contaminación por vidrio es un peligro físico que no puede hacerse seguro colando, calentando o etiquetando. El alimento debe desecharse de inmediato.",0,1
95,3-302.11,¿Qué debe hacerse con alimento que ha sufrido abuso de tiempo-temperatura?,Recalentarlo a 165°F para hacerlo seguro nuevamente,Enfriarlo de inmediato para detener el crecimiento bacteriano adicional,Desecharlo,Servirlo de inmediato antes de que crezcan más bacterias,3,Food Preparation,Contamination,El abuso de tiempo-temperatura significa que las bacterias han tenido la oportunidad de multiplicarse a niveles inseguros. Recalentar o enfriar no hace que el alimento sea seguro nuevamente.,0,2
96,3-202.11,¿Cuál es la temperatura máxima aceptable de recepción para alimentos TCS fríos?,38°F,45°F,41°F,50°F,3,Receiving & Storage,Receiving,Los alimentos TCS fríos deben recibirse a 41°F o menos para asegurar que se hayan mantenido fuera de la zona de peligro de temperatura durante el transporte.,0,2
97,3-202.11,¿Cuál es la temperatura máxima aceptable de recepción para huevos con cáscara?,32°F,50°F,45°F,41°F,3,Receiving & Storage,Receiving,"Los huevos con cáscara pueden recibirse a 45°F o menos, que es ligeramente más alto que otros alimentos TCS según lo permitido por el Código de Alimentos de la FDA.",0,2
98,3-202.11,¿Cuál es la temperatura máxima aceptable de recepción para la leche?,32°F,50°F,45°F,41°F,3,Receiving & Storage,Receiving,"La leche debe recibirse a 45°F o menos y luego enfriarse a 41°F dentro de las 4 horas posteriores a la recepción, según las pautas del Código de Alimentos de la FDA.",0,2
99,3-202.11,¿Cuál es la condición correcta de recepción para los mariscos vivos?,Deben estar completamente sellados sin olor embalados en hielo,Deben tener una temperatura interna de 32°F o menos,Deben recibirse a una temperatura de aire de 45°F o menos y en hielo,Deben tener una temperatura interna de 41°F o menos,3,Receiving & Storage,Receiving,"Los mariscos vivos deben recibirse a una temperatura de aire de 45°F o menos. Son organismos vivos, por lo que la temperatura del aire es el estándar utilizado, no la temperatura interna.",0,2
100,3-202.11,¿Cuál es la temperatura máxima aceptable de recepción para el pescado empacado al vacío?,50°F,38°F,41°F,45°F,3,Receiving & Storage,Receiving,El pescado empacado al vacío debe recibirse a 41°F o menos porque el ambiente anaeróbico puede promover el crecimiento de Clostridium botulinum si no se mantiene frío.,0,2
101,3-202.15,¿Qué debe hacer si llega una caja de conservas con latas abolladas?,Almacenarlas por separado e inspeccionar el contenido antes de usar,Abrir cada lata para verificar signos de deterioro,Aceptarlas ya que el contenido puede estar todavía seguro,Rechazar las latas abolladas,4,Receiving & Storage,Inspection,"Las latas abolladas pueden tener costuras comprometidas que permiten la entrada de bacterias, incluido el Clostridium botulinum. Deben rechazarse en la recepción.",0,2
102,3-202.15,¿Qué debe hacer si llega una entrega de alimentos con empaque hinchado o que gotea?,Aceptarlo y usar el producto rápidamente,Reempacar los artículos y almacenarlos,Rechazar toda la entrega,Inspeccionar el contenido antes de decidir,3,Receiving & Storage,Inspection,El empaque hinchado o que gotea indica posible actividad bacteriana o falla del sello. Estos productos deben rechazarse para evitar riesgos de seguridad alimentaria.,0,1
103,3-202.15,¿Qué indica la presencia de grandes cristales de hielo en una entrega de alimentos congelados?,El alimento es de calidad premium,El alimento fue almacenado a una temperatura inusualmente fría,El alimento fue empacado con hielo extra para protección,El alimento se descongeló y recongeló durante el tránsito,4,Receiving & Storage,Frozen Goods,"Los grandes cristales de hielo indican que el alimento se descongeló y recongeló durante el tránsito, lo cual es señal de abuso de temperatura. La entrega debe rechazarse.",0,2
104,3-202.11,El termómetro de un camión de entrega marca 60°F al llegar. ¿Qué debe hacer?,Inspeccionar cada artículo TCS y rechazar los que superen las temperaturas seguras,Rechazar solo los productos frescos ya que son los más sensibles a la temperatura,Almacenar todos los artículos de inmediato y monitorearlos,Aceptar todos los artículos ya que estuvieron en tránsito poco tiempo,1,Receiving & Storage,Inspection,Una temperatura del camión de 60°F significa que los artículos TCS probablemente han estado en la zona de peligro. Cada artículo TCS debe inspeccionarse y rechazarse si está fuera del rango seguro.,0,3
105,3-202.15,¿Qué debe hacer si el empaque del alimento llega con manchas de agua?,Inspeccionar el contenido y aceptar si se ve bien,Secar el empaque y almacenar normalmente,Rechazar la entrega,Aceptar sin preocupación si el producto está congelado,2,Receiving & Storage,Inspection,"Las manchas de agua en el empaque indican posible fuga o exposición a humedad durante el tránsito, lo que puede haber comprometido el producto o permitido el crecimiento bacteriano.",0,2
106,3-202.15,¿Qué debe hacer si llega una caja de productos frescos con moho visible?,Rechazar toda la caja,Moverla al congelador para detener el deterioro adicional,Lavar los productos e inspeccionar antes de usar,Recortar las porciones con moho y usar el resto,1,Receiving & Storage,Inspection,"El moho en productos frescos indica almacenamiento o transporte inadecuado. Toda la caja debe rechazarse, ya que el moho puede haberse extendido más allá de las áreas visibles.",0,2
107,3-202.11,¿En qué condición deben recibirse los alimentos congelados?,Ligeramente blandos por fuera pero firmes en el centro,Ligeramente cubiertos con cristales de hielo superficiales,Ligeramente flexibles para mostrar una gestión adecuada de la cadena de frío,Completamente congelados y sólidos sin señales de descongelación,4,Receiving & Storage,Frozen Goods,"Los alimentos congelados deben recibirse completamente sólidos. Cualquier blandura, flexibilidad o grandes cristales de hielo sugiere que se descongelaron durante el tránsito y deben rechazarse.",0,2
108,3-202.11,¿Qué debe hacer si llega una entrega de mariscos sin etiquetas de mariscos?,Rechazar el envío,Pedir al proveedor que envíe copias de las etiquetas por correo electrónico,Almacenar los mariscos por separado hasta que se proporcionen las etiquetas,Aceptar la entrega y gestionar la documentación después,1,Receiving & Storage,Documentation,Las etiquetas de mariscos proporcionan trazabilidad para investigaciones de brotes de enfermedades. Los envíos sin etiquetas deben rechazarse porque no hay forma de verificar su origen o seguridad.,0,2
109,3-202.18,¿Cuánto tiempo deben conservarse archivadas las etiquetas de mariscos después de que se vendió el último marisco de ese recipiente?,30 días,7 días,90 días,1 año,3,Receiving & Storage,Documentation,"Las etiquetas de mariscos deben conservarse durante 90 días desde la fecha en que se vendió el último marisco del recipiente, para permitir la trazabilidad durante investigaciones de enfermedades.",0,3
110,3-202.11,¿Qué debe hacer si llega una entrega de alimentos con sellos de empaque rotos o faltantes?,Rechazar la entrega,Aceptar la entrega si los artículos están refrigerados,Almacenar los artículos y verificar nuevamente antes de usar,Inspeccionar un artículo y aceptar el resto si se ve bien,1,Receiving & Storage,Inspection,"Los sellos rotos indican integridad comprometida del empaque, lo que podría permitir contaminación o indicar manipulación inadecuada durante el transporte.",0,2
111,3-202.11,Un camión de entrega tiene un fuerte olor a productos químicos al abrirse. ¿Qué debe hacer?,Rechazar todos los alimentos TCS que estuvieron expuestos al entorno químico,Rechazar solo los productos frescos ya que absorben olores más fácilmente,Almacenar los artículos y monitorear olores extraños después de abrirlos,Aceptar artículos que estén sellados en su empaque original,1,Receiving & Storage,Inspection,Un fuerte olor a productos químicos en un camión de entrega sugiere posible contaminación química. Todos los alimentos TCS expuestos a ese entorno deben rechazarse.,0,3
112,3-202.11,¿Qué debe hacer si una entrega de leche llega a 50°F?,Rechazar la entrega,Almacenarla y verificar la temperatura nuevamente en una hora,Aceptarla ya que está solo ligeramente por encima del límite,Aceptarla y usarla solo para cocinar,1,Receiving & Storage,Receiving,La leche debe recibirse a 45°F o menos. Una entrega que llega a 50°F supera la temperatura de recepción segura y debe rechazarse.,0,2
113,3-202.11,¿Qué debe hacer si llegan mariscos vivos con el sello del recipiente roto?,Reempacarlos en un recipiente sellado,Almacenarlos y usarlos rápidamente,Aceptarlos y monitorear signos de deterioro,Rechazar la entrega,4,Receiving & Storage,Receiving,Un sello roto en el empaque de mariscos vivos compromete la contención y la integridad de la documentación. El envío debe rechazarse.,0,2
114,3-202.11,¿Qué debe verificar al recibir alimentos congelados?,Que tengan muy pocos cristales de hielo,Que estén completamente congelados y sólidos,Que se sientan fríos al tacto,Que tengan una ligera capa de cristales de hielo superficiales,2,Receiving & Storage,Frozen Goods,Los alimentos congelados deben recibirse completamente sólidos. Cualquier blandura o grandes cristales de hielo sugiere abuso de temperatura durante el tránsito.,0,2
115,3-302.11,¿Cuál es la temperatura correcta de almacenamiento para huevos con cáscara?,32°F o menos,50°F o menos,45°F o menos,41°F o menos,3,Receiving & Storage,Storage,"Los huevos con cáscara deben almacenarse a 45°F o menos de acuerdo con el Código de Alimentos de la FDA, que permite una temperatura de almacenamiento ligeramente más alta que la mayoría de los otros alimentos TCS.",0,2
116,5-202.12,¿Qué se requiere para que un lavamanos cumpla con los requisitos del código de alimentos?,Solo suministro de agua caliente,Agua corriente caliente y fría,Un pedal operado con el pie para uso sin manos,Un letrero que indique que este es un lavamanos únicamente,2,Facility & Equipment,Handwashing Sinks,Un lavamanos que cumpla con los requisitos debe proporcionar agua corriente caliente y fría para que los manipuladores de alimentos puedan lavarse a la temperatura mínima correcta de 100°F.,0,2
117,5-203.11,¿Para qué debe usarse un lavamanos designado?,Para descongelar pequeños alimentos bajo agua corriente,Para desechar el agua del trapeador durante la limpieza,Para la preparación de alimentos cuando otros fregaderos están ocupados,Solo para lavado de manos,4,Facility & Equipment,Handwashing Sinks,Los lavamanos están designados únicamente para lavado de manos. Usarlos para preparar alimentos o desechar agua del trapeador introduce contaminación y bloquea el acceso para la higiene de manos.,0,2
118,5-205.11,¿Qué debe hacer si un lavamanos está bloqueado o siendo usado para almacenamiento?,Eliminar el bloqueo de inmediato para que el lavamanos sea accesible,Usarlo para almacenamiento ya que ya está bloqueado,Usar un fregadero diferente en la instalación,Ignorarlo hasta la próxima inspección,1,Facility & Equipment,Handwashing Sinks,"Un lavamanos bloqueado impide que los manipuladores de alimentos se laven las manos, lo que es un control crítico de seguridad alimentaria. El bloqueo debe eliminarse de inmediato.",0,2
119,6-202.15,¿Cuál es el método principal para evitar que las plagas entren en una instalación de alimentos?,"Sellar todas las grietas, fisuras y aberturas en el edificio",Almacenar los alimentos en estantes alejados de las paredes,Usar ventiladores en las puertas para crear una barrera de aire,Mantener las luces exteriores apagadas para no atraer insectos,1,Pest Management,Prevention,"Las plagas entran a través de grietas y aberturas en paredes, pisos y puertas. Sellar todas las aberturas es el método principal de prevención de plagas en una instalación de alimentos.",0,2
120,6-501.111,¿Cuál es típicamente la primera señal de una infestación de plagas en una instalación de alimentos?,Fuertes olores a alimentos provenientes de las áreas de almacenamiento,"Excrementos, marcas de mordeduras o materiales de nidificación",Niveles altos de humedad en el edificio,Sonidos inusuales cerca de las paredes o equipos,2,Pest Management,Identification,"Los excrementos, marcas de mordeduras y materiales de nidificación son los signos físicos tempranos más comunes de actividad de plagas e indican una infestación que requiere acción inmediata.",0,2
121,6-501.112,¿Qué debe hacer si se descubren plagas en la instalación?,Contactar a un operador de control de plagas con licencia,Cerrar toda la operación de inmediato,Colocar trampas usted mismo usando productos de la tienda,Aumentar la frecuencia de limpieza y monitorear la situación,1,Pest Management,Response,Un operador de control de plagas con licencia tiene la capacitación y los productos químicos aprobados para abordar de forma segura y efectiva las infestaciones en un entorno de servicio de alimentos.,0,2
122,2-102.11,¿Cuál es la responsabilidad de un gerente respecto a los reportes de enfermedades de los manipuladores de alimentos?,Monitorear a los empleados y reevaluar los síntomas después de una hora,Permitir que los empleados enfermos trabajen con guantes si los síntomas son leves,Dejar que los empleados decidan si sus síntomas requieren reporte,Establecer procedimientos claros de reporte y tomar medidas cuando se reportan síntomas,4,Food Safety Management,Systems,"Los gerentes son responsables de crear y hacer cumplir las políticas de reporte de enfermedades y deben tomar las medidas apropiadas, como la exclusión, cuando el personal reporte síntomas.",0,3
123,2-103.11,¿Cuál es el rol continuo del gerente en la capacitación en seguridad alimentaria?,Garantizar que todo el personal entienda y aplique consistentemente los procedimientos de seguridad alimentaria,Llevar a cabo una sesión de capacitación integral única cada año,Administrar exámenes escritos y archivar los resultados,Proporcionar capacitación solo a los empleados recién contratados,1,Food Safety Management,Training,"Los gerentes deben garantizar que todo el personal entienda y aplique consistentemente los procedimientos de seguridad alimentaria. Esta es una responsabilidad continua, no limitada a la orientación de nuevos empleados.",0,2
124,2-103.11,¿Cuál es el propósito del control activo del gerente?,Identificar y prevenir proactivamente los riesgos de seguridad alimentaria antes de que ocurra una enfermedad,Reducir el tiempo dedicado a la capacitación en seguridad alimentaria,Responder rápida y efectivamente después de que ocurra una enfermedad transmitida por alimentos,Documentar el comportamiento de los empleados para evaluaciones de desempeño,1,Food Safety Management,Control,"El control activo del gerente significa identificar y abordar los riesgos de seguridad alimentaria antes de que causen enfermedades, en lugar de responder solo después de que ocurra un problema.",0,3
125,2-103.11,¿Qué es un punto de control crítico (PCC) en un sistema HACCP?,Una guía para temperaturas de almacenamiento seguro,Una verificación de calidad opcional que puede omitirse cuando hay mucho trabajo,Un programa de limpieza usado durante las inspecciones,"Un paso en el proceso de manejo de alimentos donde un peligro puede prevenirse, eliminarse o reducirse a un nivel seguro",4,Food Safety Management,HACCP,"Un punto de control crítico es un paso específico en el manejo de alimentos donde un peligro de seguridad alimentaria puede prevenirse, eliminarse o reducirse a un nivel seguro.",0,2
126,3-401.14,¿Cuál es un ejemplo de adulteración de alimentos?,Sello protector faltante,Empaque aplastado,Empleados manipulando alimentos sin guantes,Hamburguesas congeladas cocinadas en la parrilla,1,Time & Temperature,Thawing,Es aceptable descongelar alimentos como parte del proceso de cocción. Las hamburguesas congeladas cocinadas directamente en la parrilla pasan rápidamente por la zona de peligro.,1,2
127,2-901.11,¿Cómo se denominan las superficies que conservan su condición después de un uso repetido?,Costosas,Duraderas,Casi nuevas,Zócalo,2,Food Safety Management,Food Defense,"Una superficie duradera conserva su condición original después de uso y limpieza repetidos, lo que facilita sanitizarla y mantener la seguridad alimentaria.",1,3
128,4-101.11,Un empleado no sabe cuándo limpiar los estantes del cuarto frío. ¿Qué debe hacer?,Preguntarle a un compañero,Simplemente limpiarlos,Esperar hasta que se le diga,Consultar el plan maestro de limpieza,4,Facility & Equipment,Materials,"Cuando no se está seguro de la frecuencia de limpieza, los empleados deben consultar el programa maestro de limpieza, que describe qué limpiar, con qué frecuencia y quién es responsable.",1,2
129,4-602.11,¿Qué debe hacer el gerente si cree que un producto entregado no fue presentado honestamente?,Asumir que está bien ya que fue entregado,Rechazarlo,Llamar a la FDA,Revisar el plan maestro de limpieza,2,Facility & Equipment,Cleaning Schedule,"Los alimentos que parezcan alterados, mal etiquetados o adulterados deben rechazarse para protegerse contra la contaminación intencional.",1,3
130,3-601.12,Un empleado se puso guantes nuevos y fue al cuarto frío por más producto. ¿Necesita cambiar los guantes antes de terminar la preparación?,"Sí, ya que probablemente tocará algo",Solo si los guantes se rompieron o se ensuciaron,No,"Sí, cualquier tarea no relacionada con alimentos requiere el cambio de guantes antes de comenzar una tarea relacionada con alimentos",4,Receiving & Storage,Receiving,Los guantes deben cambiarse cada vez que puedan haber tocado una superficie contaminada como un mango de puerta. Ir al cuarto frío es una tarea no alimentaria que requiere cambio de guantes antes de regresar a la preparación de alimentos.,1,2
131,3-304.15,A dos empleados les gusta fumar. ¿Dónde deben hacerlo?,En el área de fumadores designada,Fuera de la vista de los clientes,A 100 pies del edificio,Donde no puedan ser vistos,1,Food Preparation,Contamination,Fumar solo está permitido en el área de fumadores designada para evitar la contaminación de manos y ropa.,1,3
132,2-401.11,¿Qué es un plan de defensa alimentaria?,Un plan que evita que los empleados contaminen de forma cruzada,Un plan para mantener los alimentos a la temperatura correcta,Un plan que minimiza el riesgo de contaminación intencional,El documento instructivo que crea una cultura de seguridad alimentaria,3,Personal Hygiene,Smoking,Un plan de defensa alimentaria describe los pasos para prevenir la contaminación intencional desde la recepción hasta el servicio.,1,2
133,2-901.11,¿Cuándo deben presentarse los planes para una nueva ubicación ante la agencia correspondiente?,Dentro de los 30 días después de abrir,Después de ser inspeccionado por el departamento de salud,Antes del primer día de apertura,El plan maestro de capacitación para empleados de cocina,3,Food Safety Management,Food Defense,Los planes y especificaciones deben presentarse y aprobarse antes de abrir para garantizar el cumplimiento de los códigos de salud locales.,1,3
134,8-302.11,¿Por qué usan los empleados cubiertas para el cabello?,Ayudan a mantener el cabello en su lugar,Son una barrera contra el cabello grasoso,Son parte del uniforme,Para verse bien,2,Facility & Equipment,Plan Review,"Las cubiertas para el cabello evitan que el cabello caiga en los alimentos o sobre las superficies de contacto con alimentos, reduciendo el riesgo de contaminación física.",1,2
135,2-402.11,Cocinar arroz en este restaurante es esencial. Por lo tanto debe:,Cocinarse a 135°F,Cocinarse con menos frecuencia pero en mayores cantidades,Cocinarse en grandes lotes,Desecharse cada 2 horas para que siempre haya producto fresco,1,Cross-Contamination,General,Los granos y verduras cocinados para mantenimiento caliente deben alcanzar al menos 135°F para evitar el crecimiento bacteriano en la zona de peligro de temperatura.,1,2
136,3-401.11,¿Cuál de estas tareas está aprobada para la seguridad alimentaria?,Agregar agua a una botella de productos químicos,Usar una cubeta de bus para contener platos sucios,Usar un cubo de sanitizante para contener desengrasante,Usar una caldera doble para cocinar sopa,2,Food Preparation,Cooking,"Usar una cubeta de bus para platos sucios está aprobado por la seguridad alimentaria porque mantiene los platos contaminados contenidos. Agregar agua a una botella de productos químicos, mezclar productos químicos o usar un cubo de sanitizante para otros fines son todas prácticas inseguras.",1,3
137,3-401.11,¿Qué práctica reduce los patógenos en los alimentos?,Cocinar los alimentos a la temperatura correcta,Usar guantes,Almacenar los alimentos en recipientes herméticos,Sanitizar las manos en lugar de usar jabón,1,Time & Temperature,Cooking,Solo la cocción adecuada reduce los patógenos; los guantes y recipientes previenen la contaminación pero no matan las bacterias.,1,2
138,5-501.13,¿Existen requisitos para un basurero exterior?,Solo necesitan la tapa cerrada,Deben estar limpios y libres de plagas,Deben ser amarillos con una puerta lateral de acceso,Mantenidos detrás de una reja,2,Facility & Equipment,Waste Management,"Los basureros deben ser duraderos, no absorbentes y tener tapas de ajuste hermético. Deben mantenerse tapados cuando no se usen y colocarse en una superficie lisa no absorbente para evitar el alojamiento de plagas.",1,2
139,3-801.11,"Un hogar de ancianos pide sándwiches con atún, pan de trigo, brotes crudos y aderezo vinagreta. ¿Hay alguna preocupación?",El trigo es un alérgeno conocido,Las poblaciones vulnerables no deben servirse productos crudos,"La vinagreta tiene dos ingredientes principales, posiblemente podrían tener un alérgeno",No hay preocupaciones,1,Food Preparation,High-Risk Populations,Los brotes crudos no deben servirse a grupos de alto riesgo porque están frecuentemente asociados con enfermedades transmitidas por alimentos. El trigo es un alérgeno conocido y la vinagreta también puede contener alérgenos.,1,2
140,3-602.11,¿Cuál no es un alérgeno alimentario principal?,Leche,Nueces de árbol,Arroz,Soya,3,Cross-Contamination,Allergens,"El arroz no es uno de los nueve alérgenos principales. Los nueve alérgenos principales son leche, huevos, pescado, mariscos, nueces de árbol, cacahuates, trigo, soya y sésamo.",1,3
141,2-103.11,Tres personas se enfermaron comiendo la misma comida en el mismo restaurante el mismo día. ¿Es esto un brote?,No,Sí porque dos o más personas se consideran un brote,Sí incluso si una persona se enferma se considera un brote,"No, deben ser personas diferentes en días diferentes",2,Food Safety Management,Outbreak,Un brote se define como dos o más personas que experimentan la misma enfermedad después de comer el mismo alimento. Tres personas que se enferman con la misma comida en el mismo restaurante califica como un brote.,1,3
142,3-501.16,Al entregar un alimento TCS caliente ¿cómo debe transportarse?,El alimento caliente no puede transportarse,"En el maletero, está más caliente ahí",En un recipiente aislado,Solo entregarlo a corta distancia y el alimento permanecerá por encima de 135 grados,3,Time & Temperature,Hot Holding,"Un recipiente aislado mantendrá el alimento caliente por encima de 135°F durante el transporte, evitando que entre en la zona de peligro de temperatura.",1,2
143,3-501.14,¿Cuál es el primer paso para enfriar un asado grande?,Cortarlo en piezas más pequeñas,Pasarlo bajo agua fría,Ponerlo en el cuarto frío pero taparlo,Ponerlo en el congelador por 20 minutos,1,Food Preparation,Cooling,"Cortar las piezas grandes de carne en piezas más pequeñas aumenta el área de superficie y permite que el producto se enfríe más rápido, ayudando a cumplir los requisitos de enfriamiento de 2 y 6 horas.",1,2
144,2-103.11,"Al capacitar a un empleado en seguridad alimentaria, como gerente debe:",Pedir al empleado que explique los procedimientos,Darle al empleado su atención total durante al menos 2 días,Demostrar el procedimiento,Proporcionar retroalimentación inmediata,4,Food Safety Management,Training,ServSafe considera que proporcionar retroalimentación inmediata y específica es la mejor respuesta al capacitar empleados - refuerza el comportamiento correcto de inmediato antes de que se formen malos hábitos.,1,3
145,6-303.11,El código de la FDA establece que el estándar mínimo de iluminación para la preparación de alimentos es:,100 candelas de pie,50 candelas de pie,No hay mínimo,75 candelas de pie,2,Facility & Equipment,Lighting,El Código de Alimentos de la FDA requiere un mínimo de 50 candelas de pie de iluminación en las áreas de preparación de alimentos para garantizar que los manipuladores puedan trabajar de forma segura y precisa.,1,3
146,3-202.11,Cuando recibe un aviso de retiro de alimentos ¿qué es lo primero que debe hacer?,Informar a todos los clientes,Tirarlo a la basura,Retirar el alimento del servicio de inmediato,Cerrar la tienda,3,Food Safety Management,Food Defense,"Cuando se recibe un aviso de retiro de alimentos, el primer paso es retirar de inmediato el alimento retirado del servicio para evitar que llegue a los clientes y cause una enfermedad transmitida por alimentos.",1,2
147,3-501.17,¿Durante cuántas horas debe marcarse con fecha un alimento RTE (listo para comer) si no se sirve de inmediato?,24 horas en el refrigerador,12 horas en el refrigerador,Desecharlo si no se sirve de inmediato,4 horas,1,Receiving & Storage,Date Marking,"Aunque 4 horas es el límite de tiempo-temperatura para alimentos TCS, la respuesta correcta de ServSafe es marcar con fecha el alimento RTE por 24 horas y refrigerarlo si no se sirve de inmediato.",1,3
148,3-304.14,¿Dónde deben almacenarse las toallas sanitizantes?,Lejos de los productos químicos,Solo en áreas de preparación de alimentos,Junto al fregadero para lavar platos,En solución sanitizante,4,Cleaning & Sanitizing,Sanitizer Use,"Las toallas sanitizantes deben almacenarse en solución sanitizante cuando no se usen. Dejarlas afuera permite que el sanitizante se evapore, haciéndolas ineficaces.",1,2
149,7-101.11,Cualquier producto químico en la operación debe:,Ser parte del plan maestro de limpieza,Tener una hoja de datos de seguridad,Tener asignado un punto de control crítico (PCC),Solo ser accesible para los gerentes,2,Cleaning & Sanitizing,Chemical Safety,Cada producto químico usado en una operación de alimentos debe tener una Hoja de Datos de Seguridad (SDS) que sea fácilmente accesible para todos los empleados en todo momento.,1,2
150,7-102.11,Las Hojas de Datos de Seguridad incluyen:,Información de garantía,El tipo de botella para almacenarlo,Equipo de Protección Personal (EPP),Alérgenos,3,Cleaning & Sanitizing,Chemical Safety,Las Hojas de Datos de Seguridad son documentos de seguridad y uso adecuado. Incluyen los requisitos de Equipo de Protección Personal (EPP) para garantizar que los empleados manipulen los productos químicos de forma segura.,1,2
151,2-301.14,"Dado que el vapeo se ha vuelto más popular, ¿qué deben hacer los empleados después de vapear?",Lavarse las manos,Guardar el vaporizador,Aplicar un sanitizante antes de regresar al trabajo,Usar sanitizante de manos en lugar de lavarse las manos,1,Personal Hygiene,Handwashing,El vapeo es una tarea no alimentaria. Los empleados deben lavarse las manos antes de regresar a la manipulación de alimentos - el sanitizante de manos solo no es un sustituto aceptable.,1,1
152,4-602.11,Los utensilios para servicio deben limpiarse y sanitizarse:,Cada 6 horas,Cada 4 horas,Solo necesitan limpiarse una vez al día o cuando estén sucios,No es necesario simplemente tíralos,2,Cleaning & Sanitizing,Utensil Storage,Los utensilios en uso y las superficies de contacto con alimentos deben limpiarse y sanitizarse al menos cada 4 horas durante el uso continuo para evitar el crecimiento bacteriano.,1,1
153,2-501.11,"Un cliente vomita en el comedor, ¿qué debe suceder primero?",Desinfectar con sanitizante,Llamar al departamento de salud,Atender al cliente,Aislar el área de inmediato,4,Food Safety Management,Response,ServSafe trata el vómito como un posible peligro de norovirus. El área debe aislarse de inmediato antes de cualquier limpieza u otros pasos para evitar la contaminación cruzada.,1,3
154,5-202.13,¿Qué es una brecha de aire?,El espacio entre el tubo de drenaje y el desagüe del piso,La distancia entre el fregadero y el desagüe,Un dispositivo que evita que las moscas entren al enfriador cuando se abre la puerta,La profundidad del desagüe del piso,1,Facility & Equipment,Plumbing,Una brecha de aire es el espacio entre un tubo de drenaje y el borde de inundación de un desagüe. Previene la contaminación por reflujo asegurando que el agua contaminada no pueda sifonarse de vuelta al suministro de agua potable.,1,3
155,5-202.14,¿Qué es una conexión cruzada?,Cuando dos tuberías están conectadas entre sí,Cuando un alimento crudo entra en contacto con un alimento listo para comer,Un vínculo directo entre agua segura e insegura,Cuando hay dos vías para que el agua fluya (como una rociadora y un grifo que usan la misma tubería para obtener agua),3,Facility & Equipment,Plumbing,Una conexión cruzada es un vínculo directo entre un suministro de agua potable segura y una fuente contaminada. Se usan dispositivos de prevención de reflujo como brechas de aire o válvulas de retención para prevenirlas.,1,3
156,4-601.11,¿Cuándo deben limpiarse los pisos los estantes y las paredes?,Según sea necesario,Una vez al día,Según las instrucciones,Mensualmente,1,Facility & Equipment,Cleaning Schedule,"Los pisos, estantes y paredes deben limpiarse según sea necesario. Los pisos pueden requerir limpieza varias veces al día mientras que los estantes y paredes pueden solo necesitarla semanal o mensualmente según el uso.",1,1
