ID,Category,Subcategory,Difficulty,Mode,OrderIndex,ConceptTitle,Content,KeyPoints
1,Time & Temperature,Cooling,Hard,Standard,1,Enfriamiento en Dos Etapas,Los alimentos TCS deben enfriarse de 135°F a 70°F en 2 horas y luego de 70°F a 41°F en 4 horas adicionales para una ventana total de enfriamiento de 6 horas.,135°F a 70°F en 2 horas|70°F a 41°F en 4 horas adicionales|Ventana total: 6 horas
2,Time & Temperature,Cooling,Hard,Assessment,1,Enfriamiento en Dos Etapas,Fallaste preguntas sobre enfriamiento. La regla son dos etapas — de 135 a 70 en 2 horas y luego de 70 a 41 en 4 horas más. La ventana total es de 6 horas.,
3,Time & Temperature,Cooling,Hard,Recovery,1,Enfriamiento en Dos Etapas,"El enfriamiento tiene dos pasos. Piénsalo como una carrera con dos tramos. Primer tramo — bajar de 135 a 70 en 2 horas. Segundo tramo — llegar a 41 en 4 horas más. Si fallas cualquier tramo, empiezas de nuevo.",
4,Time & Temperature,Cooling,Hard,Standard,2,Métodos de Enfriamiento,"Los métodos aprobados de enfriamiento rápido incluyen baños de hielo, paletas de hielo, bandejas poco profundas y refrigeradores de ráfaga. El objetivo es maximizar la superficie expuesta y eliminar el calor del alimento lo más rápido posible.",Baños de hielo|Paletas de hielo|Bandejas poco profundas|Refrigeradores de ráfaga|Objetivo: maximizar la superficie expuesta
5,Time & Temperature,Cooling,Hard,Assessment,2,Métodos de Enfriamiento,"Cuando surjan preguntas sobre enfriamiento, piensa en superficie expuesta. Las bandejas poco profundas, los baños de hielo y los refrigeradores de ráfaga funcionan porque exponen más alimento al frío. Las ollas profundas sobre un mostrador no.",
6,Time & Temperature,Cooling,Hard,Recovery,2,Métodos de Enfriamiento,"Este es el secreto del enfriamiento — cuanta más superficie expuesta, más rápido se enfría. Una bandeja poco profunda supera a una olla profunda en todo momento. Un baño de hielo supera a una cámara frigorífica en todo momento. Piensa: delgado y frío.",
7,Time & Temperature,Cooling,Medium,Standard,3,Respuesta ante Falla de Enfriamiento,"Si el alimento no alcanza 70°F dentro de las primeras 2 horas, debe recalentarse a 165°F y reiniciar el proceso de enfriamiento. No se puede continuar enfriando alimentos que fallaron la primera etapa.",El alimento falla la etapa 1: recalentar a 165°F|Reiniciar el proceso de enfriamiento|No se puede continuar enfriando alimentos fallidos
8,Time & Temperature,Cooling,Medium,Assessment,3,Respuesta ante Falla de Enfriamiento,Si falla la primera etapa de enfriamiento — recalentar a 165 y empezar de nuevo. Continuar enfriando alimentos que no cumplieron la ventana de 2 horas nunca es correcto en el examen.,
9,Time & Temperature,Cooling,Medium,Recovery,3,Respuesta ante Falla de Enfriamiento,"Si tu alimento no se enfrió lo suficientemente rápido en las primeras dos horas, no sigas adelante. Debes recalentarlo hasta 165 y comenzar el proceso de enfriamiento desde cero. Piensa en ello como reiniciar el reloj.",
10,Time & Temperature,Date Marking,Hard,Standard,4,Regla de los 7 Días,Los alimentos TCS listos para consumir mantenidos a 41°F o menos deben estar etiquetados con fecha y desecharse después de 7 días. El día de preparación cuenta como día uno.,Alimentos TCS listos para consumir mantenidos a 41°F o menos|Deben estar etiquetados con fecha|Desechar después de 7 días|Día de preparación = Día 1
11,Time & Temperature,Date Marking,Hard,Assessment,4,Regla de los 7 Días,Las preguntas sobre etiquetado de fecha siempre involucran el número 7. El día de preparación es el día uno. Cuenta 7 días incluyendo el día de preparación y esa es tu fecha de desecho.,
12,Time & Temperature,Date Marking,Hard,Recovery,4,Regla de los 7 Días,Cada alimento listo para consumir en tu refrigerador necesita una etiqueta que indique cuándo desecharlo. Cuenta 7 días comenzando desde el día en que lo preparaste. El día uno es hoy. El día siete es el último día que puedes servirlo.,
13,Time & Temperature,Date Marking,Medium,Standard,5,Qué Requiere Etiquetado de Fecha,"Cualquier alimento TCS listo para consumir mantenido por más de 24 horas debe tener etiqueta de fecha. Esto incluye proteínas cocidas, embutidos rebanados, productos lácteos abiertos y ensaladas preparadas.",Cualquier alimento TCS listo para consumir mantenido más de 24 horas|Debe tener etiqueta de fecha|Proteínas cocidas
14,Time & Temperature,Date Marking,Medium,Assessment,5,Qué Requiere Etiquetado de Fecha,"El examen evalúa si sabes qué alimentos necesitan etiqueta de fecha. Si es un alimento TCS listo para consumir mantenido más de 24 horas, necesita etiqueta de fecha. Sin excepciones.",
15,Time & Temperature,Date Marking,Medium,Recovery,5,Qué Requiere Etiquetado de Fecha,"Si lo cocinaste, rebanaste o abriste y necesita mantenerse frío — necesita una fecha. Pollo cocido, pavo rebanado, crema agria abierta, ensalada de pasta preparada — todos ellos. Ante la duda, etiquétalo.",
16,Time & Temperature,Hot Holding,Medium,Standard,6,Temperatura Mínima de Mantenimiento en Caliente,Los alimentos TCS mantenidos calientes para servicio deben mantenerse a 135°F o más en todo momento. Los alimentos que caen por debajo de 135°F han entrado en la zona de peligro de temperatura.,Los alimentos TCS calientes deben mantenerse a 135°F o más|Por debajo de 135°F = zona de peligro
17,Time & Temperature,Hot Holding,Medium,Assessment,6,Temperatura Mínima de Mantenimiento en Caliente,El mantenimiento en caliente es a 135 y más. Cualquier respuesta que sugiera una temperatura más baja para el mantenimiento en caliente es incorrecta. Si el alimento cae por debajo de 135 debe recalentarse a 165 antes de volver al servicio.,
18,Time & Temperature,Hot Holding,Medium,Recovery,6,Temperatura Mínima de Mantenimiento en Caliente,"Tu mesa de vapor, tu lámpara de calor, tu calentador de sopas — todo lo que esté caliente debe mantenerse a 135 o más. Piensa en 135 como el piso. Cualquier temperatura por debajo de ese piso y las bacterias comienzan a crecer.",
19,Time & Temperature,Hot Holding,Easy,Standard,7,Acción Correctiva para Mantenimiento en Caliente,"Si los alimentos mantenidos en caliente caen por debajo de 135°F, deben recalentarse a 165°F por 15 segundos antes de regresar a la unidad de mantenimiento. Revolver o agregar líquido caliente no es una acción correctiva aprobada.",El alimento cae por debajo de 135°F: recalentar a 165°F por 15 segundos|Regresar a la unidad de mantenimiento|Revolver o agregar líquido caliente NO está aprobado
20,Time & Temperature,Hot Holding,Easy,Assessment,7,Acción Correctiva para Mantenimiento en Caliente,"Cuando el alimento caliente cae por debajo de 135, la única respuesta correcta es recalentar a 165. El examen ofrecerá revolver o agregar líquido caliente como distractores. Ninguno es correcto.",
21,Time & Temperature,Hot Holding,Easy,Recovery,7,Acción Correctiva para Mantenimiento en Caliente,"Si tu sopa cae a 120 en la mesa de vapor, no puedes simplemente revolverla o agregar caldo caliente. Debes retirarla, llevarla a la estufa y subirla todo el camino hasta 165. Entonces puede volver a servirse.",
22,Time & Temperature,Cold Holding,Medium,Standard,8,Temperatura Máxima de Mantenimiento en Frío,Los alimentos TCS mantenidos fríos para servicio deben mantenerse a 41°F o menos en todo momento. Los alimentos que suben por encima de 41°F han entrado en la zona de peligro de temperatura.,Los alimentos TCS fríos deben mantenerse a 41°F o menos|Por encima de 41°F = zona de peligro|Regla acumulativa de 4 horas: desechar si se excede
23,Time & Temperature,Cold Holding,Medium,Assessment,8,Temperatura Máxima de Mantenimiento en Frío,"El mantenimiento en frío es a 41 y menos. Se aplica la regla de 4 horas — si los alimentos TCS han estado por encima de 41 por un total acumulado de 4 horas, deben desecharse.",
24,Time & Temperature,Cold Holding,Medium,Recovery,8,Temperatura Máxima de Mantenimiento en Frío,"Tu barra de ensaladas, tu vitrina de delicatessen, tu mesa de preparación con artículos fríos — todo lo frío debe mantenerse a 41 o menos. Piensa en 41 como el techo. Cualquier temperatura por encima de ese techo y estás en territorio de zona de peligro.",
25,Time & Temperature,Cooking,Hard,Standard,9,Temperatura de Cocción para Aves,"Las aves de corral, incluyendo pollo, pavo y pato, deben alcanzar una temperatura interna mínima de 165°F por 15 segundos. Esto aplica a aves enteras, partes, aves molidas y aves rellenas.",Aves: 165°F por 15 segundos|Aplica a aves enteras
26,Time & Temperature,Cooking,Hard,Assessment,9,Temperatura de Cocción para Aves,165 por 15 segundos es para aves. Esta es la temperatura de cocción estándar más alta. Los artículos rellenos también requieren 165 porque el relleno entra en contacto con los jugos de las aves crudas.,
27,Time & Temperature,Cooking,Hard,Recovery,9,Temperatura de Cocción para Aves,"Pollo, pavo, pato — todos deben alcanzar 165. Esa es la temperatura de cocción más alta que manejarás. Y si rellenas el ave, el relleno también debe alcanzar 165 porque absorbió los jugos crudos.",
28,Time & Temperature,Cooking,Hard,Standard,10,Temperatura de Cocción para Carne Molida,"La carne molida, incluyendo res, cerdo y caza de granja comercial, debe alcanzar 155°F por 15 segundos. Moler distribuye los patógenos superficiales por todo el producto, requiriendo una temperatura más alta que los cortes enteros.",Carne molida: 155°F por 15 segundos|Res
29,Time & Temperature,Cooking,Hard,Assessment,10,Temperatura de Cocción para Carne Molida,155 por 15 segundos es para carne molida. El examen tiende a ofrecer 165 como distractor para la carne molida de res. Es incorrecto. La carne molida de res es a 155. Solo las aves y los artículos rellenos requieren 165.,
30,Time & Temperature,Cooking,Hard,Recovery,10,Temperatura de Cocción para Carne Molida,"Cuando se muele la carne, las bacterias que vivían en el exterior se mezclan por completo. Por eso tu hamburguesa necesita alcanzar 155 — más caliente que un filete pero no tan caliente como el pollo.",
31,Time & Temperature,Cooking,Medium,Standard,11,Temperatura de Cocción para Mariscos y Cortes Enteros,"Los mariscos y los cortes enteros de res, cerdo y cordero deben alcanzar 145°F por 15 segundos. Los cortes enteros mantienen sus patógenos en la superficie donde el calor los alcanza rápidamente.",Mariscos y cortes enteros: 145°F por 15 segundos|Filetes
32,Time & Temperature,Cooking,Medium,Assessment,11,Temperatura de Cocción para Mariscos y Cortes Enteros,"145 por 15 segundos cubre mariscos y cortes enteros — filetes, chuletas y asados. Recuerda la secuencia — Aves 165, Molida 155, Cortes enteros y mariscos 145.",
33,Time & Temperature,Cooking,Medium,Recovery,11,Temperatura de Cocción para Mariscos y Cortes Enteros,Un filete o un filete de pescado solo tiene bacterias en el exterior. El calor llega ahí rápidamente. Por eso 145 es suficiente. Piénsalo como el peldaño más bajo de la escalera de temperaturas de cocción.,
34,Time & Temperature,Cooking,Easy,Standard,12,Temperatura de Cocción para Frutas y Granos,"Las frutas y verduras cocinadas para mantenimiento en caliente deben alcanzar 135°F. Esta es la temperatura de cocción requerida más baja y aplica a artículos como arroz cocido, frijoles y verduras asadas.",Frutas
35,Time & Temperature,Cooking,Easy,Assessment,12,Temperatura de Cocción para Frutas y Granos,"135 es la temperatura de cocción para frutas, verduras y granos mantenidos calientes. También es la temperatura mínima de mantenimiento en caliente — mismo número, dos usos.",
36,Time & Temperature,Cooking,Easy,Recovery,12,Temperatura de Cocción para Frutas y Granos,"Arroz cocido, frijoles cocidos, verduras asadas — solo necesitan alcanzar 135. Es la misma temperatura a la que deben mantenerse en la mesa de vapor. Un número cubre tanto la cocción como el mantenimiento para estos artículos.",
37,Time & Temperature,Reheating,Hard,Standard,13,Recalentamiento para Servicio,Todos los alimentos TCS recalentados para mantenimiento en caliente deben alcanzar 165°F por 15 segundos independientemente de su temperatura de cocción original. Esto destruye cualquier patógeno que haya crecido durante el almacenamiento o enfriamiento.,Todos los alimentos TCS recalentados para mantenimiento en caliente: 165°F por 15 segundos|Independientemente de la temperatura de cocción original
38,Time & Temperature,Reheating,Hard,Assessment,13,Recalentamiento para Servicio,La temperatura de recalentamiento siempre es 165 — sin excepciones. El examen intentará confundirte con la temperatura de cocción original. No importa. Recalentar siempre significa 165.,
39,Time & Temperature,Reheating,Hard,Recovery,13,Recalentamiento para Servicio,"No importa si originalmente lo cocinaste a 145. Cuando lo recalientas, llegas hasta 165. Siempre. Sin atajos. El alimento estuvo en un refrigerador donde las bacterias pueden haber crecido y 165 es lo que las mata.",
40,Time & Temperature,Reheating,Medium,Standard,14,Recalentamiento en Microondas,Los alimentos recalentados en microondas deben alcanzar 165°F en toda su extensión y luego reposar cubiertos durante 2 minutos para permitir que el calor se distribuya uniformemente antes de verificar la temperatura.,Recalentamiento en microondas: 165°F en toda su extensión|Reposar cubierto 2 minutos|Permite que el calor se distribuya uniformemente
41,Time & Temperature,Reheating,Medium,Assessment,14,Recalentamiento en Microondas,El recalentamiento en microondas tiene dos requisitos — 165°F y un reposo cubierto de 2 minutos. Ambos deben ocurrir. El examen evaluará si sabes sobre el período de reposo.,
42,Time & Temperature,Reheating,Medium,Recovery,14,Recalentamiento en Microondas,"Los microondas calientan de manera desigual — un punto podría estar a 180 mientras que otro está a 140. Por eso después de calentar el alimento a 165 en microondas, lo cubres y lo dejas reposar por 2 minutos. El calor se equilibra durante ese reposo.",
43,Time & Temperature,Time as Control,Hard,Standard,15,El Tiempo como Control de Salud Pública,"Cuando se usa el tiempo como control para alimentos fríos, el tiempo máximo de mantenimiento es de 6 horas y el alimento debe comenzar a 41°F o menos y nunca superar 70°F. Se debe marcar una hora de desecho en el alimento.",Tiempo máximo de mantenimiento de alimentos fríos: 6 horas|Debe comenzar a 41°F o menos|Nunca debe superar 70°F|Marcar hora de desecho en el alimento
44,Time & Temperature,Time as Control,Hard,Assessment,15,El Tiempo como Control de Salud Pública,"Las preguntas sobre tiempo como control implican dos números — 6 horas máximo y 70°F máximo de temperatura. Si se supera cualquiera de los dos límites, el alimento debe desecharse inmediatamente.",
45,Time & Temperature,Time as Control,Hard,Recovery,15,El Tiempo como Control de Salud Pública,A veces no puedes mantener el alimento frío — como en un evento al aire libre. Las reglas dicen que tienes un máximo de 6 horas y el alimento nunca puede superar los 70 grados. Escribe la hora de desecho en la etiqueta antes de sacarlo.,
46,Time & Temperature,TCS Foods,Medium,Standard,16,Identificación de Alimentos TCS,"Los alimentos TCS son aquellos que requieren control de tiempo y temperatura para su seguridad. Incluyen carne, aves, mariscos, lácteos, huevos, almidones cocidos, melones cortados, verduras de hoja cortadas y tomates cortados.",Carne
47,Time & Temperature,TCS Foods,Medium,Assessment,16,Identificación de Alimentos TCS,"La identificación de alimentos TCS es un tema común del examen. Los productos cortados — melones, tomates, verduras de hoja — se vuelven TCS cuando se cortan. Los productos enteros sin cortar y los artículos secos estables en anaquel no son TCS.",
48,Time & Temperature,TCS Foods,Easy,Recovery,16,Identificación de Alimentos TCS,"Los alimentos TCS son los que pueden enfermar a las personas si los dejas fuera demasiado tiempo. Carne, pescado, pollo, huevos, lácteos, arroz cocido, pasta cocida — y frutas y verduras cortadas. Si es húmedo y rico en proteínas, probablemente es TCS.",
49,Cross-Contamination,Storage Order,Hard,Standard,1,Orden de Almacenamiento en Refrigerador,"Los alimentos en un refrigerador deben almacenarse de arriba a abajo según la temperatura mínima de cocción requerida. Alimentos listos para consumir arriba, luego mariscos, luego cortes enteros, luego carne molida y aves en el fondo.",De arriba a abajo: Listos para consumir → Mariscos → Cortes enteros → Carne molida → Aves|Ordenar por temperatura mínima de cocción de menor a mayor
50,Cross-Contamination,Storage Order,Hard,Assessment,1,Orden de Almacenamiento en Refrigerador,"El orden de almacenamiento es uno de los temas más evaluados. De arriba a abajo — listos para consumir, mariscos, cortes enteros, carne molida, aves. El acrónimo en inglés Really Safe Cooks Go Places ayuda a recordar el orden.",
51,Cross-Contamination,Storage Order,Hard,Recovery,1,Orden de Almacenamiento en Refrigerador,Piensa en el refrigerador como un edificio. El alimento más seguro vive en el piso superior. El alimento más riesgoso vive en el sótano. Listos para consumir arriba. Pollo crudo abajo. Todo lo demás en medio según la temperatura de cocción.,
52,Cross-Contamination,Allergens,Hard,Standard,2,Los Nueve Alérgenos Principales,"Los nueve alérgenos alimentarios principales reconocidos por la FDA son leche, huevos, pescado, mariscos de concha, nueces de árbol, cacahuates, trigo, soya y sésamo. Incluso trazas pueden desencadenar una reacción potencialmente mortal.",Leche
53,Cross-Contamination,Allergens,Hard,Assessment,2,Los Nueve Alérgenos Principales,"Nueve alérgenos — leche, huevos, pescado, mariscos de concha, nueces de árbol, cacahuates, trigo, soya, sésamo. El examen evalúa si puedes identificarlos y entender que el contacto cruzado con incluso una traza es peligroso.",
54,Cross-Contamination,Allergens,Hard,Recovery,2,Los Nueve Alérgenos Principales,"Nueve alimentos pueden matar a alguien con alergia. Leche, huevos, pescado, mariscos de concha, nueces de árbol, cacahuates, trigo, soya y sésamo. No necesitas usar mucho. Incluso una pequeña cantidad dejada en una sartén o una cuchara es suficiente para causar una reacción grave.",
55,Cross-Contamination,Allergens,Hard,Standard,3,Contacto Cruzado con Alérgenos,"El contacto cruzado ocurre cuando un alérgeno se transfiere de un alimento a otro a través de equipos, superficies o utensilios compartidos. A diferencia de la contaminación cruzada con patógenos, el contacto cruzado con alérgenos no puede eliminarse con la cocción.",Alérgeno transferido a través de equipos compartidos
56,Cross-Contamination,Allergens,Hard,Assessment,3,Contacto Cruzado con Alérgenos,El contacto cruzado es específico de alérgenos. La diferencia clave con la contaminación cruzada — la cocción no destruye los alérgenos. Una sartén contaminada con cacahuate que se calienta a 165 sigue siendo una sartén contaminada con cacahuate.,
57,Cross-Contamination,Allergens,Hard,Recovery,3,Contacto Cruzado con Alérgenos,"Las bacterias mueren cuando cocinas el alimento a la temperatura suficiente. Los alérgenos no. Si residuos de cacahuate quedan en una sartén y cocinas otra cosa en esa sartén, el alérgeno sigue ahí. La única solución es lavar, enjuagar y sanitizar completamente.",
58,Cross-Contamination,Allergens,Medium,Standard,4,Preparación de Comidas Libres de Alérgenos,"Las comidas libres de alérgenos deben prepararse usando equipo y superficies dedicadas que hayan sido limpiadas y sanitizadas. Deben prepararse primero, antes de manipular cualquier artículo que contenga alérgenos.",Usar equipo y superficies dedicadas|Limpiar y sanitizar antes de usar|Preparar comidas libres de alérgenos primero
59,Cross-Contamination,Allergens,Medium,Assessment,4,Preparación de Comidas Libres de Alérgenos,"Para preguntas sobre alérgenos, la respuesta siempre implica separación — equipo separado, superficies separadas, preparar primero. Cualquier respuesta que sugiera equipo compartido con sanitización adicional es incorrecta.",
60,Cross-Contamination,Allergens,Medium,Recovery,4,Preparación de Comidas Libres de Alérgenos,"Cuando un cliente te dice que tiene una alergia, trátalo como una alarma de incendio. Detente. Consigue equipo limpio. Lávate las manos. Prepara su comida primero antes de tocar cualquier cosa con el alérgeno.",
61,Cross-Contamination,General,Medium,Standard,5,Prevención de Contaminación Cruzada,"La contaminación cruzada se previene mediante el orden correcto de almacenamiento, equipo dedicado, lavado de manos, cambios de guantes y sanitización de superficies entre tareas. La fuente más común son las manos y el equipo.",Orden correcto de almacenamiento|Equipo dedicado|Lavado de manos y cambios de guantes|Sanitizar superficies entre tareas
62,Cross-Contamination,General,Medium,Assessment,5,Prevención de Contaminación Cruzada,"Las preguntas sobre contaminación cruzada evalúan si conoces la acción preventiva correcta. Equipo dedicado, lavado de manos y orden correcto de almacenamiento son siempre correctos. Equipo compartido con solo enjuague es siempre incorrecto.",
63,Cross-Contamination,General,Medium,Recovery,5,Prevención de Contaminación Cruzada,"La contaminación cruzada significa mover bacterias de un lugar a otro — generalmente de carne cruda a alimentos que no se cocinarán nuevamente. Tus manos, tus guantes, tu tabla de cortar, tus pinzas — todos pueden ser el vehículo.",
64,Cross-Contamination,Glove Use,Medium,Standard,6,Uso Correcto de Guantes,"Los guantes de un solo uso deben cambiarse después de cambiar de tarea, después de manipular proteínas crudas, después de tocar superficies que no están en contacto con alimentos y después de uso prolongado. Los guantes no reemplazan el lavado de manos — las manos deben lavarse antes de ponerse guantes.",Cambiar después de cambiar de tarea|Cambiar después de manipular proteínas crudas|Cambiar después de tocar superficies no alimentarias|Los guantes NO reemplazan el lavado de manos
65,Cross-Contamination,Glove Use,Medium,Assessment,6,Uso Correcto de Guantes,"Las preguntas sobre guantes evalúan dos cosas — cuándo cambiarlos y si reemplazan el lavado de manos. Nunca reemplazan el lavado de manos. Cámbialos después de cada cambio de tarea, después del contacto con proteínas crudas y después de tocar equipo.",
66,Cross-Contamination,Glove Use,Easy,Recovery,6,Uso Correcto de Guantes,Los guantes no son un escudo que protege todo. Se contaminan igual que las manos. Cámbialos cuando cambias de tarea. Y siempre lávate las manos antes de ponerte un par nuevo — las manos sucias hacen guantes sucios.,
67,Cross-Contamination,Thawing,Medium,Standard,7,Métodos Aprobados de Descongelación,"Los cuatro métodos aprobados de descongelación son: refrigeración, agua corriente a 70°F o menos, microondas si se cocina inmediatamente y cocción desde congelado. La descongelación a temperatura ambiente nunca es aceptable.",Refrigerador a 41°F o menos|Agua corriente a 70°F o menos|Microondas — cocinar inmediatamente después|Cocción desde congelado|Descongelación en mostrador: nunca aceptable
68,Cross-Contamination,Thawing,Medium,Assessment,7,Métodos Aprobados de Descongelación,"Las preguntas sobre descongelación se reducen a un principio — mantener el alimento fuera de la zona de peligro. La refrigeración, el agua fría corriente, el microondas-luego-cocinar y la cocción desde congelado logran eso. La descongelación en mostrador no.",
69,Cross-Contamination,Thawing,Easy,Recovery,7,Métodos Aprobados de Descongelación,"Nunca descongeles alimentos en el mostrador. Para cuando el interior está descongelado, el exterior ha estado en la zona de peligro por horas. Ponlo en el refrigerador durante la noche, pasa agua fría sobre él o cocínalo desde congelado.",
70,Cross-Contamination,Chemical Safety,Medium,Standard,8,Almacenamiento de Químicos,"Los químicos deben almacenarse en sus recipientes originales etiquetados en un área designada completamente separada de todos los alimentos, equipo de contacto con alimentos y artículos de un solo uso para prevenir contaminación.",Almacenar en recipientes originales etiquetados|Área designada completamente separada de los alimentos|Lejos del equipo de contacto con alimentos y artículos de un solo uso
71,Cross-Contamination,Chemical Safety,Medium,Assessment,8,Almacenamiento de Químicos,Preguntas sobre almacenamiento de químicos — la respuesta siempre es un área completamente separada lejos de los alimentos y el equipo. El examen ofrecerá almacenamiento en estante superior como distractor. El estante superior es incorrecto.,
72,Cross-Contamination,Chemical Safety,Easy,Recovery,8,Almacenamiento de Químicos,"Los químicos y los alimentos nunca deben estar en el mismo espacio. No en el mismo estante. No en la misma habitación si es posible. Un derrame, una fuga, una botella mal etiquetada y alguien se enferma de algo que no tuvo nada que ver con bacterias.",
73,Personal Hygiene,Handwashing,Hard,Standard,1,Procedimiento de Lavado de Manos,"La secuencia correcta de lavado de manos es: mojar las manos, aplicar jabón, frotar por al menos 10 a 15 segundos, enjuagar bien y secar con una toalla de un solo uso o secador de aire. El agua debe estar a un mínimo de 100°F.",Mojar manos → aplicar jabón → frotar 10–15 segundos → enjuagar → secar con toalla de un solo uso|Agua mínimo 100°F
74,Personal Hygiene,Handwashing,Hard,Assessment,1,Procedimiento de Lavado de Manos,"Las preguntas sobre el procedimiento de lavado de manos evalúan la secuencia y el tiempo. Mojar, jabón, frotar, enjuagar, secar. El frotado es de 10 a 15 segundos. Agua mínimo 100°F. El desinfectante de manos nunca es sustituto.",
75,Personal Hygiene,Handwashing,Hard,Recovery,1,Procedimiento de Lavado de Manos,"Lavarse las manos correctamente toma unos 20 segundos en total. Mójalas. Enjabónalas. Frota todo — dorso de las manos, entre los dedos, bajo las uñas — por al menos 10 segundos. Enjuaga. Seca con una toalla de papel. Eso es todo.",
76,Personal Hygiene,Handwashing,Hard,Standard,2,Cuándo Lavarse las Manos,"Los manipuladores de alimentos deben lavarse las manos después de usar el baño, manipular carne o aves crudas, tocarse la cara o el cabello, manipular basura, manipular dinero, estornudar, toser y antes de ponerse guantes.",Después del baño|Después de manipular carne o aves crudas|Después de tocarse la cara o el cabello|Después de manipular basura o dinero|Antes de ponerse guantes
77,Personal Hygiene,Handwashing,Hard,Assessment,2,Cuándo Lavarse las Manos,"Preguntas sobre cuándo lavarse las manos — después del baño, después de carne cruda, después de tocarse la cara, después de la basura, después del dinero, antes de ponerse guantes. Cualquiera de estas situaciones en el examen significa lavarse las manos. Sin atajos.",
78,Personal Hygiene,Handwashing,Medium,Recovery,2,Cuándo Lavarse las Manos,"Piensa en tus manos como un vehículo de transferencia. Todo lo que tocas pone algo en tus manos. Todo lo que tocas después lo recoge. El baño, el pollo crudo, la basura, el teléfono — todos requieren lavado de manos antes de volver a los alimentos.",
79,Personal Hygiene,Illness,Hard,Standard,3,Las Cinco Enfermedades de Notificación Obligatoria,"Las cinco enfermedades de notificación obligatoria son Norovirus, Hepatitis A, Salmonella Typhi, Shigella y E. coli O157:H7. Estas requieren tanto la exclusión de la operación como la notificación a la autoridad reguladora.",Norovirus|Hepatitis A|Salmonella Typhi|Shigella|E. coli O157:H7|Todas requieren notificación regulatoria
80,Personal Hygiene,Illness,Hard,Assessment,3,Las Cinco Enfermedades de Notificación Obligatoria,"Cinco enfermedades de notificación obligatoria — Norovirus, Hepatitis A, Salmonella Typhi, Shigella, E. coli O157:H7. El acrónimo SHEEN ayuda — Salmonella, Hepatitis, E. coli, E de excluido y Norovirus. Las cinco requieren notificación regulatoria.",
81,Personal Hygiene,Illness,Hard,Recovery,3,Las Cinco Enfermedades de Notificación Obligatoria,"Cinco enfermedades son tan graves que debes notificar al departamento de salud — no solo enviar al empleado a casa. Norovirus, Hepatitis A, Salmonella Typhi, Shigella y E. coli O157:H7. Estos son los cinco grandes. Conócelos de memoria.",
82,Personal Hygiene,Illness,Hard,Standard,4,Exclusión vs Restricción,"La exclusión significa que el manipulador de alimentos debe abandonar completamente la operación. La restricción significa que puede quedarse pero no puede trabajar con alimentos o superficies de contacto con alimentos. Vómitos, diarrea y ictericia siempre requieren exclusión.",Exclusión: abandonar la operación completamente|Restricción: quedarse pero sin alimentos ni superficies de contacto con alimentos|Vómitos
83,Personal Hygiene,Illness,Hard,Assessment,4,Exclusión vs Restricción,"Exclusión vs restricción es una distinción clave del examen. Vómitos, diarrea, ictericia — siempre exclusión. Dolor de garganta con fiebre puede permitir restricción en algunas operaciones. Ante la duda, el examen favorece la exclusión.",
84,Personal Hygiene,Illness,Medium,Recovery,4,Exclusión vs Restricción,Hay una diferencia entre enviar a alguien a casa y restringirlo a trabajo sin contacto con alimentos. Vómitos y diarrea — se van completamente a casa. Dolor de garganta sin fiebre — podrían trabajar en caja o lavar platos. Usa tu juicio y siempre protege los alimentos.,
85,Personal Hygiene,Hygiene Practices,Medium,Standard,5,Restricciones de Cabello y Joyería,"Los manipuladores de alimentos deben usar cubrecabezas efectivos para mantener el cabello fuera de los alimentos. La única joyería permitida es un anillo de banda lisa. Relojes, pulseras y anillos con piedras están prohibidos porque albergan patógenos.",Se requiere cubrecabezas efectivo|Solo se permite anillo de banda lisa|Sin relojes
86,Personal Hygiene,Hygiene Practices,Medium,Assessment,5,Restricciones de Cabello y Joyería,"Preguntas sobre joyería — solo anillo de banda lisa. Todo lo demás está prohibido. Preguntas sobre cubrecabezas — cualquier cobertura efectiva es aceptable, no solo redecillas.",
87,Personal Hygiene,Hygiene Practices,Easy,Recovery,5,Restricciones de Cabello y Joyería,"Mantén tu cabello cubierto y tu joyería simple. Un anillo de matrimonio liso está bien. Un reloj, una pulsera, un anillo con piedra — todos tienen pequeños espacios donde se esconden los alimentos y las bacterias. Déjalos en tu casillero.",
88,Personal Hygiene,Wounds,Medium,Standard,6,Manejo de Heridas,Una herida infectada en las manos o muñecas debe cubrirse con un vendaje impermeable y luego protegerse con un guante de un solo uso antes de manipular alimentos. Las heridas en otras partes del cuerpo deben cubrirse con un vendaje.,Herida infectada en manos o muñecas: vendaje + guante de un solo uso|El vendaje solo no es suficiente|El guante va sobre el vendaje
89,Personal Hygiene,Wounds,Medium,Assessment,6,Manejo de Heridas,Preguntas sobre heridas — vendaje más guante para manos y muñecas. El vendaje solo no es suficiente para una herida en la mano. El guante va sobre el vendaje.,
90,Personal Hygiene,Wounds,Easy,Recovery,6,Manejo de Heridas,Un corte en tu mano es un camino directo para que las bacterias lleguen a los alimentos. Cúbrelo con un vendaje y luego pon un guante sobre el vendaje. El vendaje solo no es suficiente — los guantes pueden resbalarse y los vendajes pueden caerse.,
91,Receiving & Storage,Receiving,Hard,Standard,1,Temperaturas de Recepción para Alimentos TCS,Los alimentos TCS fríos deben recibirse a 41°F o menos. Los huevos con cáscara y los mariscos descascarados pueden recibirse a 45°F. Los mariscos vivos deben recibirse a una temperatura del aire de 45°F o menos.,Alimentos TCS fríos: 41°F o menos|Huevos con cáscara y mariscos descascarados: 45°F|Mariscos vivos: temperatura del aire de 45°F
92,Receiving & Storage,Receiving,Hard,Assessment,1,Temperaturas de Recepción para Alimentos TCS,"Preguntas sobre temperatura de recepción — 41°F para la mayoría de alimentos TCS fríos, 45°F para huevos con cáscara, mariscos descascarados y temperatura del aire de mariscos vivos. Estas excepciones aparecen frecuentemente en el examen.",
93,Receiving & Storage,Receiving,Hard,Recovery,1,Temperaturas de Recepción para Alimentos TCS,"Cuando llega una entrega, lo primero que haces es verificar la temperatura. Los alimentos fríos deben estar a 41 o menos. Los huevos y los mariscos tienen un poco más de margen — 45 es aceptable para ellos. Si está más caliente que eso, devuélvelo.",
94,Receiving & Storage,Inspection,Hard,Standard,2,Rechazo de Entregas,"Las entregas deben rechazarse cuando los alimentos TCS llegan fuera del rango de temperatura segura, el empaque está dañado o manipulado, las latas están abolladas, infladas o con fugas, los alimentos congelados muestran signos de descongelación y recongelación, o faltan las etiquetas de mariscos.",Temperatura fuera del rango|Empaque dañado o manipulado|Latas abolladas
95,Receiving & Storage,Inspection,Hard,Assessment,2,Rechazo de Entregas,"Preguntas sobre rechazo — violaciones de temperatura, empaque dañado, latas abolladas o infladas o con fugas, alimentos congelados descongelados, etiquetas de mariscos faltantes. Cualquiera de estas condiciones requiere rechazo. El examen nunca premia aceptar productos cuestionables.",
96,Receiving & Storage,Inspection,Hard,Recovery,2,Rechazo de Entregas,"Eres la última línea de defensa antes de que los alimentos malos entren a tu cocina. Una lata abollada, una entrega tibia, una bolsa con un agujero — todos estos se devuelven. Es mucho más fácil rechazar una entrega que lidiar con un cliente enfermo.",
97,Receiving & Storage,Documentation,Hard,Standard,3,Retención de Etiquetas de Mariscos,Las etiquetas de mariscos deben archivarse por 90 días desde la fecha en que se vendió o sirvió el último marisco de ese contenedor. Las etiquetas proporcionan trazabilidad durante investigaciones de enfermedades transmitidas por alimentos.,Mantener etiquetas de mariscos archivadas por 90 días|Desde la fecha en que se vendió o sirvió el último marisco del contenedor
98,Receiving & Storage,Documentation,Hard,Assessment,3,Retención de Etiquetas de Mariscos,90 días es el período de retención de etiquetas de mariscos. Este número específico aparece en el examen. Piénsalo como un compromiso de 3 meses — la etiqueta permanece archivada durante 3 meses después de que se sirvan los últimos mariscos.,
99,Receiving & Storage,Documentation,Medium,Recovery,3,Retención de Etiquetas de Mariscos,"Cada bolsa de ostras, cada contenedor de almejas viene con una etiqueta. Esa etiqueta le dice a los investigadores de dónde vinieron los mariscos si alguien se enferma. Guarda esas etiquetas por 90 días — tres meses. Archívalas en algún lugar donde puedas encontrarlas.",
100,Receiving & Storage,Storage,Medium,Standard,4,Método PEPS,El método PEPS — Primero en Entrar Primero en Salir — requiere que el inventario más antiguo se lleve al frente y se use antes que el nuevo. Esto evita que los alimentos venzan antes de usarse.,Primero en Entrar Primero en Salir|Inventario más antiguo al frente|Usar antes que el inventario nuevo
101,Receiving & Storage,Storage,Medium,Assessment,4,Método PEPS,"PEPS — Primero en Entrar Primero en Salir. El inventario antiguo al frente, el nuevo al fondo. El examen evalúa el concepto, no el acrónimo. La idea es siempre usar primero el producto más antiguo.",
102,Receiving & Storage,Storage,Easy,Recovery,4,Método PEPS,"Cuando llega inventario nuevo, empuja lo viejo al frente. Usa primero lo viejo. Esto se llama PEPS — Primero en Entrar Primero en Salir. Suena simple pero evita mucho desperdicio y muchos alimentos vencidos servidos.",
103,Receiving & Storage,Storage,Medium,Standard,5,Requisitos de Almacenamiento en Seco,"Los productos secos deben almacenarse al menos 6 pulgadas del suelo en un área fresca y seca alejada de las paredes exteriores. Esto previene la absorción de humedad, el acceso de plagas y permite la limpieza debajo.",Al menos 6 pulgadas del suelo|Fresco
104,Receiving & Storage,Storage,Medium,Assessment,5,Requisitos de Almacenamiento en Seco,Preguntas sobre almacenamiento en seco — 6 pulgadas del suelo es el número clave. También alejado de paredes exteriores y en un área fresca y seca. La regla de las 6 pulgadas permite la limpieza y previene plagas.,
105,Receiving & Storage,Storage,Easy,Recovery,5,Requisitos de Almacenamiento en Seco,Nunca almacenes alimentos directamente en el suelo. Seis pulgadas del suelo — esa es la regla. Mantiene los alimentos alejados de las plagas que transitan por el suelo y permite limpiar debajo. Un estante simple resuelve esto completamente.,
106,Receiving & Storage,Frozen Goods,Medium,Standard,6,Recepción de Alimentos Congelados,"Los alimentos congelados deben recibirse completamente sólidos sin signos de suavidad, flexibilidad o cristales de hielo grandes. Los cristales de hielo grandes indican que el alimento se descongeló y recongeló durante el transporte.",Debe recibirse completamente sólido|Sin suavidad o flexibilidad|Cristales de hielo grandes = descongelado y recongelado: rechazar
107,Receiving & Storage,Frozen Goods,Medium,Assessment,6,Recepción de Alimentos Congelados,"Preguntas sobre recepción de alimentos congelados — completamente sólido es el estándar. Los cristales de hielo grandes significan descongelación-recongelación, lo que significa abuso de temperatura durante el transporte. Rechazarlo.",
108,Receiving & Storage,Frozen Goods,Easy,Recovery,6,Recepción de Alimentos Congelados,"Los alimentos congelados deben estar completamente sólidos cuando lleguen. Si están suaves o flexibles, se descongelaron en algún punto del camino. Si tienen cristales de hielo grandes dentro, se descongelaron y recongelaron. Ambos significan que fueron maltratados en tránsito. Devuélvelos.",
109,Cleaning & Sanitizing,Food-Contact Surfaces,Hard,Standard,1,Limpieza vs Sanitización,"La limpieza elimina suciedad, grasa y materia orgánica de las superficies. La sanitización reduce los patógenos a niveles seguros. Ambos pasos son necesarios en superficies de contacto con alimentos — sanitizar solo una superficie sucia es ineficaz.",La limpieza elimina suciedad y materia orgánica|La sanitización reduce patógenos a niveles seguros|Debe limpiar antes de sanitizar|El sanitizante en superficie sucia es ineficaz
110,Cleaning & Sanitizing,Food-Contact Surfaces,Hard,Assessment,1,Limpieza vs Sanitización,Limpieza vs sanitización es una distinción fundamental del examen. La limpieza elimina la suciedad. La sanitización mata patógenos. Debes limpiar antes de sanitizar — el sanitizante aplicado a una superficie sucia no puede funcionar correctamente.,
111,Cleaning & Sanitizing,Food-Contact Surfaces,Hard,Recovery,1,Limpieza vs Sanitización,"Limpiar y sanitizar son dos cosas diferentes. Limpiar elimina la suciedad que puedes ver. Sanitizar mata las bacterias que no puedes ver. Debes hacer ambas — y siempre en ese orden. Primero limpiar, luego sanitizar.",
112,Cleaning & Sanitizing,Warewashing,Hard,Standard,2,Procedimiento del Fregadero de Tres Compartimentos,"El procedimiento correcto para el fregadero de tres compartimentos es: raspar y pre-enjuagar, luego lavar en solución detergente, enjuagar en agua limpia, sanitizar en solución aprobada y secar al aire completamente.",Raspar y pre-enjuagar → Lavar con detergente → Enjuagar en agua limpia → Sanitizar → Secar al aire|Nunca secar con toalla
113,Cleaning & Sanitizing,Warewashing,Hard,Assessment,2,Procedimiento del Fregadero de Tres Compartimentos,"Orden del fregadero de tres compartimentos — lavar, enjuagar, sanitizar, secar al aire. Cualquier respuesta que omita un paso, reordene los pasos o sustituya el secado con toalla por el secado al aire es incorrecta.",
114,Cleaning & Sanitizing,Warewashing,Hard,Recovery,2,Procedimiento del Fregadero de Tres Compartimentos,"Tres fregaderos, tres trabajos. Primer fregadero — lavar con agua caliente y jabón. Segundo fregadero — enjuagar el jabón. Tercer fregadero — sanitizar para matar bacterias. Luego dejar que todo se seque al aire. Nunca omitas un paso y nunca seques con una toalla.",
115,Cleaning & Sanitizing,Sanitizer,Hard,Standard,3,Concentración de Sanitizante de Cloro,El sanitizante de cloro debe mantenerse entre 50 y 99 ppm. Por debajo de 50 ppm es ineficaz. Por encima de 99 ppm se convierte en un peligro químico y deja residuos tóxicos en superficies de contacto con alimentos.,Rango efectivo: 50–99 ppm|Por debajo de 50 ppm: ineficaz|Por encima de 99 ppm: peligro químico|Verificar con tiras reactivas
116,Cleaning & Sanitizing,Sanitizer,Hard,Assessment,3,Concentración de Sanitizante de Cloro,Rango de cloro — 50 a 99 ppm. Muy bajo y no funciona. Muy alto y es peligroso. Las tiras reactivas deben usarse para verificar la concentración. Siempre verifica la fecha de vencimiento de las tiras antes de realizar la prueba.,
117,Cleaning & Sanitizing,Sanitizer,Hard,Recovery,3,Concentración de Sanitizante de Cloro,El sanitizante de blanqueador tiene un punto óptimo — entre 50 y 99 partes por millón. Demasiado débil y no mata bacterias. Demasiado fuerte y deja químicos en tu equipo que pueden enfermar a las personas. Verifícalo con tiras reactivas cada vez.,
118,Cleaning & Sanitizing,Sanitizer,Medium,Standard,4,Factores de Efectividad del Sanitizante,"La efectividad del sanitizante está determinada por la concentración, la temperatura, el pH y el tiempo de contacto. Los cuatro factores deben estar dentro del rango correcto para que el sanitizante funcione correctamente.",Concentración|Temperatura|pH|Tiempo de contacto|Los cuatro deben estar dentro del rango correcto
119,Cleaning & Sanitizing,Sanitizer,Medium,Assessment,4,Factores de Efectividad del Sanitizante,"Preguntas sobre efectividad del sanitizante — concentración, temperatura, pH, tiempo de contacto. Si cualquiera de estos está fuera del rango recomendado, la sanitización falla. El cloro es más sensible al pH y la dureza.",
120,Cleaning & Sanitizing,Sanitizer,Medium,Recovery,4,Factores de Efectividad del Sanitizante,"Cuatro cosas determinan si tu sanitizante realmente funciona — qué tan fuerte es, qué tan caliente está el agua, el pH del agua y cuánto tiempo permanece en contacto con la superficie. Obtén los cuatro bien y funciona. Falla uno y puede que no.",
121,Cleaning & Sanitizing,Equipment,Medium,Standard,5,Frecuencia de Limpieza de Superficies de Contacto con Alimentos,"Las superficies de contacto con alimentos deben limpiarse y sanitizarse después de cada uso, después de manipular diferentes proteínas crudas, como mínimo cada 4 horas durante el uso continuo e inmediatamente después de la contaminación.",Después de cada uso|Después de manipular diferentes proteínas crudas|Cada 4 horas durante el uso continuo|Inmediatamente después de la contaminación
122,Cleaning & Sanitizing,Equipment,Medium,Assessment,5,Frecuencia de Limpieza de Superficies de Contacto con Alimentos,"Preguntas sobre frecuencia de limpieza — después de cada uso, después del contacto con proteínas crudas, cada 4 horas durante el uso continuo e inmediatamente después de la contaminación. La regla de 4 horas aplica a superficies en uso constante.",
123,Cleaning & Sanitizing,Equipment,Easy,Recovery,5,Frecuencia de Limpieza de Superficies de Contacto con Alimentos,"Tu mesa de preparación, tu tabla de cortar, tu rebanadora — límpialos y sanitízalos cada vez que cambies a un alimento diferente y al menos cada 4 horas si los estás usando continuamente. Después del pollo crudo — siempre inmediatamente.",
124,Cleaning & Sanitizing,Warewashing,Medium,Standard,6,Temperaturas de la Máquina Lavaplatos,Una máquina lavaplatos de alta temperatura debe alcanzar 180°F en las superficies de los platos durante el enjuague final. Una máquina de baja temperatura usa sanitizante químico y requiere una temperatura mínima de enjuague de 120°F.,Máquina de alta temperatura: 180°F en la superficie del plato durante el enjuague final|Máquina de baja temperatura: sanitizante químico
125,Cleaning & Sanitizing,Warewashing,Medium,Assessment,6,Temperaturas de la Máquina Lavaplatos,Preguntas sobre temperatura de la máquina lavaplatos — el enjuague final de alta temperatura es 180°F en la superficie del plato. La baja temperatura usa químicos y requiere 120°F. Estos dos números aparecen frecuentemente en el examen.,
126,Cleaning & Sanitizing,Warewashing,Easy,Recovery,6,Temperaturas de la Máquina Lavaplatos,Dos tipos de máquinas lavaplatos. La caliente mata bacterias con calor — debe alcanzar 180 en la superficie de los platos. La química usa sanitizante en lugar de calor extremo — el agua solo necesita estar a 120. Sabe cuál tipo tienes.,
127,Food Preparation,Thawing,Hard,Standard,1,Métodos Aprobados de Descongelación,"Los cuatro métodos aprobados de descongelación son: en refrigerador a 41°F o menos, bajo agua corriente a 70°F o menos, en microondas si se cocina inmediatamente y como parte del proceso de cocción. La descongelación a temperatura ambiente nunca es aceptable.",Refrigerador a 41°F o menos|Agua corriente a 70°F o menos|Microondas — cocinar inmediatamente después|Cocción desde congelado|Descongelación en mostrador: nunca aceptable
128,Food Preparation,Thawing,Hard,Assessment,1,Métodos Aprobados de Descongelación,"Preguntas sobre métodos de descongelación — refrigerador, agua corriente, microondas-luego-cocinar, cocinar desde congelado. La descongelación en mostrador siempre es incorrecta. El agua corriente debe ser a 70°F o menos y continua, no estancada.",
129,Food Preparation,Thawing,Hard,Recovery,1,Métodos Aprobados de Descongelación,Cuatro formas de descongelar alimentos de manera segura. En el refrigerador durante la noche. Bajo agua fría corriente. En el microondas si lo cocinas justo después. O simplemente cocínalo desde congelado. Eso es todo. El mostrador nunca está en la lista.,
130,Food Preparation,Produce,Medium,Standard,2,Lavado de Productos,"Todos los productos deben lavarse bajo agua fría corriente antes de cortar, pelar o cocinar. Lavar después de cortar puede propagar patógenos superficiales al interior del producto.",Lavar bajo agua fría corriente antes de cortar
131,Food Preparation,Produce,Medium,Assessment,2,Lavado de Productos,"Preguntas sobre lavado de productos — lavar antes de cortar, no después. Cortar productos sin lavar arrastra contaminantes superficiales hacia el interior. El agua corriente es el método requerido.",
132,Food Preparation,Produce,Easy,Recovery,2,Lavado de Productos,"Siempre lava tus frutas y verduras antes de cortarlas. Una vez que las cortas, cualquier bacteria en la superficie se arrastra hacia adentro donde puede crecer. Lavar primero, cortar después.",
133,Food Preparation,Contamination,Hard,Standard,3,Contaminación Física y Química,"Los alimentos contaminados por peligros físicos como vidrio, metal o hueso, o por peligros químicos como limpiadores o pesticidas, deben desecharse inmediatamente. Estos peligros no pueden corregirse con cocción o enjuague.",Peligros físicos: vidrio
134,Food Preparation,Contamination,Hard,Assessment,3,Contaminación Física y Química,"Preguntas sobre contaminación — vidrio, metal, químicos en alimentos siempre significa desechar. El examen ofrecerá enjuague o cocción como soluciones. Ninguno funciona para contaminación física o química.",
135,Food Preparation,Contamination,Medium,Recovery,3,Contaminación Física y Química,Si un químico entra a los alimentos o encuentras vidrio o metal en ellos — tíralo todo. No puedes cocinar un químico. No puedes enjuagar vidrio roto. La única respuesta segura es desechar y empezar de nuevo.,
136,Food Preparation,Cooking,Medium,Standard,4,Uso de un Termómetro para Alimentos,"Las temperaturas internas deben verificarse usando un termómetro calibrado para alimentos insertado en la parte más gruesa del alimento. El color, la textura y el tiempo de cocción no son indicadores confiables de cocción.",Usar termómetro calibrado|Insertar en la parte más gruesa|El color y el tiempo NO son indicadores confiables
137,Food Preparation,Cooking,Medium,Assessment,4,Uso de un Termómetro para Alimentos,Preguntas sobre termómetro — termómetro calibrado insertado en la parte más gruesa. El color y el tiempo nunca son confiables. La única manera de verificar la cocción segura es la medición de temperatura.,
138,Food Preparation,Cooking,Easy,Recovery,4,Uso de un Termómetro para Alimentos,No puedes saber si el alimento está cocido de manera segura mirándolo. El pollo puede parecer listo y aún estar a 140 grados por dentro. Usa un termómetro cada vez. Ponlo en la parte más gruesa y espera el número.,
139,Food Preparation,Partial Cooking,Medium,Standard,5,Reglas de Cocción Parcial,La cocción parcial no debe exceder 60 minutos en la cocción inicial. El alimento debe enfriarse inmediatamente después de la cocción parcial y terminarse de cocinar a la temperatura requerida antes del servicio.,Cocción inicial: 60 minutos máximo|Enfriar inmediatamente después|Terminar a la temperatura requerida antes del servicio
140,Food Preparation,Partial Cooking,Medium,Assessment,5,Reglas de Cocción Parcial,"Preguntas sobre cocción parcial — 60 minutos máximo de cocción inicial, enfriar inmediatamente y terminar a la temperatura requerida antes del servicio. El límite de 60 minutos es el número que evalúa el examen.",
141,Food Preparation,Partial Cooking,Easy,Recovery,5,Reglas de Cocción Parcial,"Si cocinas parcialmente algo — como pre-cocinar pollo para después — tienes 60 minutos máximo en esa primera cocción. Luego enfríalo inmediatamente. Cuando termines de cocinarlo después, aún debe alcanzar la temperatura completa requerida.",
142,Food Preparation,Ice Handling,Easy,Standard,6,El Hielo como Alimento,El hielo usado para bebidas o en contacto con alimentos debe manejarse con una cuchara y almacenarse en un contenedor limpio y cubierto. El hielo es un alimento y debe protegerse de la contaminación como cualquier otro alimento.,Manejar solo con cuchara|Almacenar en contenedor limpio y cubierto|Nunca usar manos desnudas ni un vaso como cuchara|El hielo es un alimento
143,Food Preparation,Ice Handling,Easy,Assessment,6,El Hielo como Alimento,"Preguntas sobre manejo del hielo — siempre una cuchara, nunca manos desnudas, nunca un vaso como cuchara. El hielo es un alimento. Contaminar el suministro de hielo contamina todo lo que toca.",
144,Food Preparation,Ice Handling,Easy,Recovery,6,El Hielo como Alimento,"El hielo es alimento. Trátalo como alimento. Usa una cuchara para manejarlo — no tus manos, no un vaso. Y nunca dejes la cuchara dentro de la máquina de hielo donde puede acumular bacterias. Cuélgala al lado o guárdala por separado.",
145,Facility & Equipment,Handwashing Sinks,Hard,Standard,1,Requisitos del Fregadero para Lavado de Manos,"Los fregaderos para lavado de manos deben usarse exclusivamente para lavado de manos, estar equipados con jabón, toallas de un solo uso y recipiente de residuos, proveer agua corriente a un mínimo de 100°F y tener un letrero de recordatorio de lavado de manos publicado.",Uso exclusivo para lavado de manos|Equipado con jabón
146,Facility & Equipment,Handwashing Sinks,Hard,Assessment,1,Requisitos del Fregadero para Lavado de Manos,"Preguntas sobre fregadero de lavado de manos — uso exclusivo, jabón, toallas, recipiente de residuos, agua a 100°F y letrero publicado. Cualquier otro uso del fregadero de lavado de manos es una violación. Un fregadero bloqueado o sin suministros también es una violación.",
147,Facility & Equipment,Handwashing Sinks,Hard,Recovery,1,Requisitos del Fregadero para Lavado de Manos,"El fregadero de lavado de manos tiene un trabajo. Lavado de manos. No enjuagar equipo, no tirar hielo, no almacenar suministros. Un solo trabajo. Mantenlo equipado con jabón y toallas de papel y asegúrate de que nunca esté bloqueado.",
148,Facility & Equipment,Lighting,Medium,Standard,2,Requisitos de Iluminación,"Se debe proporcionar iluminación adecuada en todas las áreas de preparación de alimentos, almacenamiento y lavado de utensilios para que el personal pueda manejar alimentos de manera segura, leer etiquetas e identificar contaminación. Los artefactos de iluminación deben tener cubiertas resistentes a la rotura.",Iluminación adecuada en todas las áreas de preparación de alimentos
149,Facility & Equipment,Lighting,Medium,Assessment,2,Requisitos de Iluminación,Preguntas sobre iluminación — adecuada para el manejo seguro de alimentos y cubiertas resistentes a la rotura sobre los artefactos. El requisito de cubierta previene la contaminación por vidrio si una bombilla se rompe durante la preparación de alimentos.,
150,Facility & Equipment,Lighting,Easy,Recovery,2,Requisitos de Iluminación,"Si no puedes ver claramente en tu cámara frigorífica o en tu área de preparación, eso es un problema de seguridad alimentaria. Necesitas poder leer etiquetas, verificar fechas y ver lo que estás trabajando. Y cada artefacto de iluminación necesita una cubierta para que el vidrio roto no caiga en los alimentos.",
151,Facility & Equipment,Plumbing,Hard,Standard,3,Prevención de Reflujo,Un dispositivo de prevención de reflujo evita que el agua contaminada fluya en reversa hacia el suministro de agua potable. Una brecha de aire — separación física entre una salida de agua y el borde de inundación de un fregadero — es el método más confiable.,La brecha de aire es el método más confiable|Separación física entre salida de agua y borde de inundación|Previene que el agua contaminada fluya hacia el suministro potable
152,Facility & Equipment,Plumbing,Hard,Assessment,3,Prevención de Reflujo,Preguntas sobre prevención de reflujo — la brecha de aire es el método más confiable. Crea separación física que no puede fallar mecánicamente. Las conexiones cruzadas entre agua potable y no potable son una violación crítica.,
153,Facility & Equipment,Plumbing,Medium,Recovery,3,Prevención de Reflujo,El agua sucia que fluye hacia atrás hacia tu suministro de agua limpia se llama reflujo. La mejor manera de prevenirlo es una brecha de aire — un espacio físico entre donde sale el agua y donde podría contaminarse. No se necesita ningún dispositivo mecánico.,
154,Facility & Equipment,Equipment Installation,Medium,Standard,4,Instalación de Equipo en el Suelo,El equipo montado en el suelo debe elevarse al menos 6 pulgadas del suelo o sellarse directamente al suelo sin espacios. Esto permite la limpieza debajo y elimina espacios de alojamiento para plagas.,Elevado al menos 6 pulgadas del suelo O sellado directamente al suelo|Permite la limpieza debajo|Elimina el alojamiento de plagas
155,Facility & Equipment,Equipment Installation,Medium,Assessment,4,Instalación de Equipo en el Suelo,Preguntas sobre equipo montado en el suelo — 6 pulgadas del suelo o sellado al suelo. El propósito es el acceso para limpieza y prevención de plagas. Este número aparece en el examen.,
156,Facility & Equipment,Equipment Installation,Easy,Recovery,4,Instalación de Equipo en el Suelo,"El equipo grande como freidoras y mesas de preparación debe estar elevado del suelo con patas — al menos 6 pulgadas. Ese espacio te permite limpiar debajo. Si no puedes limpiar debajo, las plagas vivirán debajo.",
157,Facility & Equipment,Waste Management,Easy,Standard,5,Requisitos para Contenedores de Basura,"Los contenedores de basura en las áreas de preparación de alimentos deben tener tapas que cierren bien, limpiarse regularmente según un horario y mantenerse alejados de las superficies de preparación de alimentos. Las tapas previenen el acceso de plagas y reducen los olores.",Se requieren tapas que cierren bien|Limpieza regular|Mantenerse alejados de las superficies de preparación de alimentos
158,Facility & Equipment,Waste Management,Easy,Assessment,5,Requisitos para Contenedores de Basura,"Preguntas sobre contenedores de basura — tapas que cierren bien, limpieza regular y colocación adecuada lejos de las superficies de alimentos. Las tapas son la característica clave que previene el acceso de plagas a los residuos de alimentos.",
159,Facility & Equipment,Waste Management,Easy,Recovery,5,Requisitos para Contenedores de Basura,Los botes de basura sin tapas son una invitación abierta para las plagas. Una mosca aterriza en la basura y luego aterriza en tus alimentos. Mantén tapas en todos los botes de basura en la cocina y limpia los botes regularmente para que no acumulen residuos que atraigan plagas.,
160,Pest Management,Prevention,Hard,Standard,1,Manejo Integrado de Plagas,"El manejo integrado de plagas comienza con la eliminación de las tres cosas que las plagas necesitan — alimento, agua y refugio. Se sellan los puntos de entrada, se eliminan los hábitats y los alimentos se almacenan correctamente. Los tratamientos químicos son el último recurso.",Negar alimento
161,Pest Management,Prevention,Hard,Assessment,1,Manejo Integrado de Plagas,"Preguntas sobre MIP — negar alimento, agua, refugio. Sellar puntos de entrada, eliminar hábitats. El tratamiento químico solo lo realiza un operador de control de plagas con licencia. La prevención siempre es el enfoque preferido.",
162,Pest Management,Prevention,Hard,Recovery,1,Manejo Integrado de Plagas,"Las plagas entran a tu instalación porque les ofrece tres cosas — alimento, agua y un lugar donde esconderse. Quita esas tres cosas y no tienen razón para quedarse. Sella las grietas, limpia los desagües, almacena los alimentos correctamente.",
163,Pest Management,Prevention,Hard,Standard,2,Puntos de Entrada de Plagas,"Los puntos de entrada comunes de plagas incluyen espacios debajo de las puertas, grietas en las paredes, aberturas alrededor de tuberías y líneas de servicios, mallas de ventana rotas y puertas abiertas. Todas las aberturas deben sellarse con materiales aprobados.",Espacios debajo de las puertas|Grietas en las paredes|Aberturas alrededor de tuberías|Mallas de ventana rotas|Puertas abiertas|Todas deben sellarse
164,Pest Management,Prevention,Hard,Assessment,2,Puntos de Entrada de Plagas,"Preguntas sobre puntos de entrada de plagas — espacios debajo de puertas, penetraciones de tuberías, mallas rotas, puertas abiertas. Incluso una abertura del tamaño de una moneda puede dar entrada a un ratón. Todas las aberturas deben sellarse. Las puertas de cierre automático y los burletes trabajan juntos.",
165,Pest Management,Prevention,Hard,Recovery,2,Puntos de Entrada de Plagas,"Los ratones pueden pasar por un agujero del tamaño de una moneda. Las cucarachas pueden pasar por una grieta que apenas se puede ver. Recorre el perímetro de tu instalación y sella cada espacio, cada grieta, cada agujero alrededor de cada tubería. Cada uno.",
166,Pest Management,Identification,Medium,Standard,3,Señales de Infestación de Plagas,"Las señales comunes de infestación de plagas incluyen excrementos, materiales de anidamiento, marcas de mordeduras en empaques, marcas grasosas a lo largo de las paredes, telarañas en rincones y olores inusuales. La identificación temprana permite una respuesta más rápida.",Excrementos|Materiales de anidamiento|Marcas de mordeduras en empaques|Marcas grasosas a lo largo de las paredes|Olores inusuales
167,Pest Management,Identification,Medium,Assessment,3,Señales de Infestación de Plagas,"Preguntas sobre identificación de plagas — excrementos, marcas de mordeduras, marcas grasosas a lo largo de las paredes son señales de roedores. Olor a moho y aceite y manchas oscuras son señales de cucarachas. Las señales tempranas requieren acción inmediata, no solo documentación.",
168,Pest Management,Identification,Medium,Recovery,3,Señales de Infestación de Plagas,Aprende cómo se ve la evidencia de plagas antes de tener un problema. Los excrementos de roedores parecen granos oscuros de arroz. Las cucarachas dejan manchas oscuras y un olor a moho y aceite. Las marcas de mordeduras en bolsas significan que algo está comiendo tus alimentos.,
169,Pest Management,Response,Hard,Standard,4,Respuesta ante Control de Plagas,"Cuando se encuentran plagas, debe contactarse inmediatamente a un operador de control de plagas con licencia. El personal de servicio de alimentos nunca debe aplicar pesticidas por sí mismo. Todos los alimentos en las áreas afectadas deben inspeccionarse y los productos contaminados desecharse.",Contactar inmediatamente a un operador de control de plagas con licencia|El personal nunca aplica pesticidas|Inspeccionar y desechar alimentos contaminados en áreas afectadas
170,Pest Management,Response,Hard,Assessment,4,Respuesta ante Control de Plagas,Preguntas sobre respuesta ante plagas — solo operador de control de plagas con licencia. El personal nunca aplica pesticidas. Inspeccionar todos los alimentos en las áreas afectadas. El examen ofrecerá colocar trampas tú mismo como opción. No es correcto.,
171,Pest Management,Response,Hard,Recovery,4,Respuesta ante Control de Plagas,"Si encuentras evidencia de plagas, no agarres una lata de insecticida y empieces a rociar. Necesitas un profesional con licencia. Los pesticidas usados incorrectamente en una instalación de alimentos pueden contaminar los alimentos y enfermar a las personas. Llama a la empresa de control de plagas.",
172,Pest Management,Prevention,Medium,Standard,5,Cartón y Hábitat,"Las cajas de cartón proporcionan el hábitat ideal para las cucarachas y deben retirarse de la instalación tan pronto como se desempaquen los productos. El desorden, los rincones oscuros y los espacios entre equipos también crean hábitats.",El cartón = hábitat principal para cucarachas|Retirar inmediatamente después de desempacar|Eliminar desorden y espacios oscuros
173,Pest Management,Prevention,Medium,Assessment,5,Cartón y Hábitat,Preguntas sobre hábitat — el cartón es un hábitat principal para cucarachas. Retíralo inmediatamente después de desempacar. El desorden y los espacios oscuros también crean hábitat. Eliminar el hábitat es un principio central del MIP.,
174,Pest Management,Prevention,Easy,Recovery,5,Cartón y Hábitat,"Las cucarachas aman las cajas de cartón. Se esconden en las capas corrugadas y se cuelan directamente en tu instalación. Tan pronto como desempagues una entrega, desbarata las cajas y sácalas del edificio.",
175,Food Safety Management,Systems,Hard,Standard,1,Control Activo de Gestión,"El control activo de gestión significa que el responsable identifica y corrige proactivamente los riesgos de seguridad alimentaria antes de que causen enfermedades. Requiere observación continua, corrección, capacitación y documentación.",Identificar y corregir proactivamente los riesgos de seguridad alimentaria|Observación continua
176,Food Safety Management,Systems,Hard,Assessment,1,Control Activo de Gestión,"Preguntas sobre control activo de gestión — proactivo, no reactivo. El gerente observa, corrige, capacita y documenta. Cualquier respuesta que sugiera que un gerente espera un problema o documenta sin corregir es incorrecta.",
177,Food Safety Management,Systems,Hard,Recovery,1,Control Activo de Gestión,"Estar a cargo de la seguridad alimentaria no significa esperar a que algo salga mal. Significa recorrer el piso, observar lo que hace tu equipo, corregirlos en el momento y asegurarse de que entiendan por qué. Cada turno.",
178,Food Safety Management,HACCP,Hard,Standard,2,Principios de HACCP,"Los siete principios de HACCP son: análisis de peligros, identificación de puntos críticos de control, establecimiento de límites críticos, monitoreo, acción correctiva, verificación y mantenimiento de registros. HACCP es un sistema proactivo para controlar los peligros de seguridad alimentaria.",Siete principios: Análisis de peligros → PCC → Límites críticos → Monitoreo → Acción correctiva → Verificación → Mantenimiento de registros
179,Food Safety Management,HACCP,Hard,Assessment,2,Principios de HACCP,Las preguntas sobre HACCP evalúan los siete principios y definiciones clave. Un PCC es un punto de control. Un límite crítico es el límite medible. El monitoreo es la observación continua. La acción correctiva es la respuesta cuando no se cumple un límite.,
180,Food Safety Management,HACCP,Hard,Recovery,2,Principios de HACCP,"HACCP suena complicado pero es solo un sistema para asegurarse de que los pasos más peligrosos en tu proceso estén bajo control. Identificas dónde pueden salir mal las cosas, estableces límites, vigilas los problemas y los corriges rápidamente.",
181,Food Safety Management,HACCP,Hard,Standard,3,Puntos Críticos de Control,"Un punto crítico de control es un paso en el proceso de manejo de alimentos donde un peligro puede prevenirse, eliminarse o reducirse a un nivel seguro. La cocción, el enfriamiento y la recepción son PCC comunes.",Un PCC es un paso donde un peligro puede prevenirse
182,Food Safety Management,HACCP,Hard,Assessment,3,Puntos Críticos de Control,"Preguntas sobre PCC — un PCC es donde puedes controlar un peligro, no solo donde existe un peligro. La cocción es un PCC porque el calor destruye los patógenos. La recepción es un PCC porque puedes rechazar alimentos inseguros.",
183,Food Safety Management,HACCP,Hard,Recovery,3,Puntos Críticos de Control,"Un punto crítico de control es tu oportunidad de detener un problema antes de que se convierta en un desastre. La cocción es un PCC — si alcanzas la temperatura correcta, las bacterias mueren. La recepción es un PCC — si rechazas el producto malo, nunca entra a tu cocina.",
184,Food Safety Management,HACCP,Medium,Standard,4,Acciones Correctivas,"Cuando no se cumple un límite crítico en un PCC, debe tomarse una acción correctiva inmediatamente. La acción correctiva aborda el fallo específico, devuelve el proceso al control y asegura que no se sirvan alimentos inseguros.",Tomar acción correctiva inmediatamente cuando no se cumple el límite crítico|Abordar el fallo específico|Los alimentos inseguros no deben servirse
185,Food Safety Management,HACCP,Medium,Assessment,4,Acciones Correctivas,Preguntas sobre acción correctiva — respuesta inmediata ante un fallo en un PCC. La acción debe abordar el problema específico. Documentar sin corregir nunca es aceptable. Desechar alimentos que fallaron un PCC es una acción correctiva válida.,
186,Food Safety Management,HACCP,Medium,Recovery,4,Acciones Correctivas,"Cuando algo sale mal en un punto crítico, lo corriges ahora mismo. No lo escribes y continúas. Si no se alcanzó la temperatura, recalientas o desechas. Si la entrega estaba fuera del rango, la devuelves. Corregir primero, documentar después.",
187,Food Safety Management,Training,Medium,Standard,5,Responsabilidades de Capacitación del Gerente,"Los gerentes son responsables de asegurarse de que todos los manipuladores de alimentos reciban capacitación en seguridad alimentaria antes de manipular alimentos, entiendan las políticas de seguridad alimentaria de la operación y sean reentrenados cuando se observen violaciones.",Capacitar antes de manipular alimentos|Continua — no solo al contratar|Volver a capacitar cuando se observen violaciones
188,Food Safety Management,Training,Medium,Assessment,5,Responsabilidades de Capacitación del Gerente,"Preguntas sobre capacitación del gerente — antes de manipular alimentos, no después. Continua, no solo al contratar. Volver a capacitar cuando se observen violaciones, no en la próxima revisión de desempeño. Activa, no pasiva.",
189,Food Safety Management,Training,Easy,Recovery,5,Responsabilidades de Capacitación del Gerente,"Tu equipo no puede seguir reglas que no conoce. Capacita a cada nuevo empleado antes de que toquen alimentos. Cuando veas a alguien hacer algo mal, corrígelo en ese momento y muéstrale la manera correcta. No esperes.",
190,Food Safety Management,Systems,Medium,Standard,6,Cultura de Seguridad Alimentaria,"Una cultura fuerte de seguridad alimentaria comienza con la gerencia modelando y aplicando constantemente prácticas seguras. Cuando los gerentes toman en serio la seguridad alimentaria, el personal sigue el ejemplo. La cultura se construye a través de hábitos diarios, no de capacitación anual.",La gerencia debe modelar y aplicar constantemente prácticas seguras|Cultura construida a través de hábitos diarios|No de capacitación anual
191,Food Safety Management,Systems,Medium,Assessment,6,Cultura de Seguridad Alimentaria,"Preguntas sobre cultura de seguridad alimentaria — la gerencia establece el tono. La aplicación consistente importa más que la capacitación periódica. El examen favorece las respuestas donde el gerente observa, corrige y refuerza activamente.",
192,Food Safety Management,Systems,Easy,Recovery,6,Cultura de Seguridad Alimentaria,"Tu equipo observa lo que haces más de lo que escucha lo que dices. Si tomas atajos, ellos tomarán atajos. Si te lavas las manos cada vez, ellos se lavarán las manos cada vez. Estableces el estándar cada día.",
